"","subplot_id","disturbance_severity","treatment","name","mean2018","mean2020","diffMean","logRR","s","cohens.d"
"1","A01E",85,"B","richness",6,2,-0.666666666666667,1.09861228866811,4.47213595499958,0.894427190999916
"2","A01E",85,"B","sw.index",1.34908855563904,0.450561208866305,-0.666025475508624,1.09669056289236,1.00574483192589,0.893394942981857
"3","A01E",85,"B","evenness",0.752940659060819,0.650022421648354,-0.136688377993613,0.146979561528036,0.703366470878635,0.146322353529165
"4","A01W",85,"T","richness",5,3,-0.4,0.510825623765991,4.12310562561766,0.485071250072666
"5","A01W",85,"T","sw.index",1.33732792710626,0.831008842951881,-0.378605033134963,0.475788381726033,1.11333321195466,0.454777670079061
"6","A01W",85,"T","evenness",0.830928560073308,0.756416846528583,-0.0896728276353277,0.0939512140156219,0.794546637290017,0.0937789049096778
"7","A02E",45,"T","richness",5,3,-0.4,0.510825623765991,4.12310562561766,0.485071250072666
"8","A02E",45,"T","sw.index",1.28197760115359,0.842095302131653,-0.343127913175792,0.420265972262057,1.08457159001417,0.405581616807973
"9","A02E",45,"T","evenness",0.796537468919656,0.766508176558409,-0.0376997863038085,0.0384288045516453,0.781667040409095,0.0384169867844643
"10","A02W",45,"B","richness",5,1,-0.8,1.6094379124341,3.60555127546399,1.10940039245046
"11","A02W",45,"B","sw.index",1.23332480870373,0.001,-0.999189183584938,7.11746889807848,0.872092622306856,1.41306643031103
"12","A02W",45,"B","evenness",0.766307789306679,0,-1,Inf,0.541861434294825,1.4142135623731
"13","A03E",65,"B","richness",6,3,-0.5,0.693147180559945,4.74341649025257,0.632455532033676
"14","A03E",65,"B","sw.index",1.30907490053619,0.974314752869349,-0.255722684416091,0.295341577597974,1.15389911449674,0.29011214538703
"15","A03E",65,"B","evenness",0.730608612940766,0.886859507142915,0.21386401889409,-0.193808675567987,0.812498840218558,-0.19230906737063
"16","A03W",65,"T","richness",7,6,-0.142857142857143,0.154150679827258,6.51920240520265,0.153392997769474
"17","A03W",65,"T","sw.index",1.44495453990637,1.33697178872052,-0.0747308985878853,0.0776706633333297,1.39201062967037,0.0775732231379714
"18","A03W",65,"T","evenness",0.74255974285753,0.746178162684153,0.00487290061362442,-0.00486106646228729,0.744371151435673,-0.00486104253186651
"19","A04E",0,"B","richness",6,6,0,0,6,0
"20","A04E",0,"B","sw.index",1.37433312699034,1.32490697731735,-0.0359637330297307,0.0366263637408026,1.34984629541427,0.0366161316595137
"21","A04E",0,"B","evenness",0.767029922594716,0.739444663232705,-0.0359637330297307,0.0366263637408026,0.753363561681538,0.0366161316595137
"22","A04W",0,"T","richness",4,4,0,0,4,0
"23","A04W",0,"T","sw.index",1.18052019287459,1.18052019287459,0,0,1.18052019287459,0
"24","A04W",0,"T","evenness",0.851565313964725,0.851565313964725,0,0,0.851565313964725,0
"25","B01E",0,"B","richness",6,5,-0.166666666666667,0.182321556793955,5.52268050859363,0.181071492085037
"26","B01E",0,"B","sw.index",0.866254975464753,0.992303670170755,0.145509922916605,-0.135849885393846,0.931414047658664,-0.135330463420491
"27","B01E",0,"B","evenness",0.483466107109769,0.616552935968809,0.275276440068679,-0.243162970849395,0.554020306295551,-0.240220127938853
"28","B01W",0,"T","richness",4,4,0,0,4,0
"29","B01W",0,"T","sw.index",1.0085861695278,1.16104738777437,0.151163304487849,-0.14077300020376,1.08749186158344,-0.140195272840546
"30","B01W",0,"T","evenness",0.727541132543477,0.837518654289581,0.151163304487849,-0.14077300020376,0.784459557856769,-0.140195272840546
"31","B02E",45,"T","richness",8,7,-0.125,0.133531392624523,7.51664818918645,0.133038021047548
"32","B02E",45,"T","sw.index",1.33225469009013,1.30574342008216,-0.0198995508930623,0.0201002134814801,1.31906566143521,0.020098521842441
"33","B02E",45,"T","evenness",0.640679078198031,0.671019379140432,0.0473564721790745,-0.0462693440266887,0.656024652136903,-0.0462487207509216
"34","B02W",45,"B","richness",7,5,-0.285714285714286,0.336472236621213,6.08276253029822,0.328797974610715
"35","B02W",45,"B","sw.index",1.25829631580386,0.860914271331054,-0.315809590699579,0.379519023928838,1.07807304969261,0.368604005624768
"36","B02W",45,"B","evenness",0.646636390901568,0.534916112438917,-0.172771406055397,0.189674208677672,0.593411269435022,0.188267874604098
"37","B03E",85,"B","richness",7,1,-0.857142857142857,1.94591014905531,5,1.2
"38","B03E",85,"B","sw.index",0.768626048836626,0.001,-0.998698977218488,6.64460456883491,0.543501151309822,1.41237244297766
"39","B03E",85,"B","evenness",0.394995652399353,0,-1,Inf,0.279304104350787,1.41421356237309
"40","B03W",85,"T","richness",6,2,-0.666666666666667,1.09861228866811,4.47213595499958,0.894427190999916
"41","B03W",85,"T","sw.index",1.0105395475138,0.261764482909015,-0.74096562222327,1.35079449336212,0.738143218353329,1.0144035005499
"42","B03W",85,"T","evenness",0.563992860017741,0.3776463213737,-0.330405847049515,0.401083491997798,0.479950356911045,0.388262110780299
"43","B04E",65,"T","richness",6,5,-0.166666666666667,0.182321556793955,5.52268050859363,0.181071492085037
"44","B04E",65,"T","sw.index",0.994439250465347,0.855465838068894,-0.139750530091628,0.150532850511221,0.927558953104598,0.149827040029424
"45","B04E",65,"T","evenness",0.555007113144368,0.53153081051452,-0.042299102252661,0.0432197650556721,0.543395757329346,0.0432029553289631
"46","B04W",65,"B","richness",7,2,-0.714285714285714,1.25276296849537,5.1478150704935,0.971285862357264
"47","B04W",65,"B","sw.index",1.1387640295942,0.325082973391448,-0.714529994851267,1.25361831618036,0.837395502342424,0.971680709923402
"48","B04W",65,"B","evenness",0.585208947158756,0.468995593589281,-0.198584375945894,0.221375585020416,0.53029537931271,0.219148342797355
"49","C01E",0,"T","richness",8,8,0,0,8,0
"50","C01E",0,"T","sw.index",1.58112487192362,1.67528816738329,0.0595546228711896,-0.0578486527263941,1.62888709006947,-0.0578083625524059
"51","C01E",0,"T","evenness",0.760360337250137,0.805643310381279,0.0595546228711895,-0.0578486527263941,0.783329109003759,-0.0578083625524059
"52","C01W",0,"B","richness",7,7,0,0,7,0
"53","C01W",0,"B","sw.index",1.44224606062295,1.43699892123867,-0.00363817210359649,0.00364480634762664,1.43962488152704,0.00364479626019979
"54","C01W",0,"B","evenness",0.741167859843436,0.738471363611671,-0.0036381721035965,0.00364480634762664,0.739820840250996,0.00364479626019981
"55","C02E",65,"B","richness",7,3,-0.571428571428571,0.847297860387204,5.3851648071345,0.742781352708207
"56","C02E",65,"B","sw.index",1.10277249831193,0.556646903582107,-0.495229610428085,0.683651627217414,0.87348811048024,0.625223844694995
"57","C02E",65,"B","evenness",0.566712958893449,0.506681847020801,-0.105928602708969,0.111969644255837,0.537536078732478,0.111678293323498
"58","C02W",65,"T","richness",7,6,-0.142857142857143,0.154150679827258,6.51920240520265,0.153392997769474
"59","C02W",65,"T","sw.index",0.998841237971235,1.22509491230438,0.226516152649737,-0.204177754340031,1.11770777997337,-0.202426500367149
"60","C02W",65,"T","evenness",0.513302856483967,0.683738489090942,0.332037179326117,-0.286709484135648,0.604556922025943,-0.281918255167478
"61","C03E",85,"B","richness",8,2,-0.75,1.38629436111989,5.8309518948453,1.02899151085505
"62","C03E",85,"B","sw.index",1.56593923685912,0.598269588585257,-0.617948401506794,0.962199604907769,1.18534640383326,0.816360217692094
"63","C03E",85,"B","evenness",0.753057590450033,0.863120568566631,0.146154795479617,-0.13641268376034,0.809960755350898,-0.135886803637684
"64","C03W",85,"T","richness",8,6,-0.25,0.287682072451781,7.07106781186548,0.282842712474619
"65","C03W",85,"T","sw.index",1.6305480543531,1.1461355011494,-0.297085726428278,0.352520338317422,1.40931074368815,0.343723025864407
"66","C03W",85,"T","evenness",0.784127863982124,0.639670402659117,-0.184226920070653,0.203619051013636,0.715553887247929,0.201882016012239
"67","C04E",45,"T","richness",5,5,0,0,5,0
"68","C04E",45,"T","sw.index",0.932512592377256,1.22326875562177,0.311798645531731,-0.27139920735046,1.08765026167022,-0.267325052446566
"69","C04E",45,"T","evenness",0.579402650560736,0.760059612223069,0.311798645531731,-0.27139920735046,0.675795104158608,-0.267325052446566
"70","C04W",45,"B","richness",5,2,-0.6,0.916290731874155,3.80788655293195,0.787838597158335
"71","C04W",45,"B","sw.index",0.780693757758324,0.158410570131791,-0.797090000326569,1.59499274961203,0.563283521919598,1.10474239598892
"72","C04W",45,"B","evenness",0.485072304887866,0.228538143953528,-0.528857571024676,0.752594833703259,0.379160140449224,0.676585256642219
"73","D01E",0,"B","richness",5,5,0,0,5,0
"74","D01E",0,"B","sw.index",1.11818077651493,1.20834094400302,0.0806311192087268,-0.0775452400963908,1.16413403135585,-0.0774482706111376
"75","D01E",0,"B","evenness",0.694764779601722,0.750784441367814,0.0806311192087268,-0.0775452400963908,0.723317142191103,-0.0774482706111377
"76","D01W",0,"T","richness",4,4,0,0,4,0
"77","D01W",0,"T","sw.index",0.651658216564016,1.05405416778716,0.617495400188224,-0.480878903610342,0.876267259414863,-0.459216006189533
"78","D01W",0,"T","evenness",0.470072038695726,0.760339360347438,0.617495400188224,-0.480878903610343,0.632093214825593,-0.459216006189533
"79","D02E",85,"B","richness",5,1,-0.8,1.6094379124341,3.60555127546399,1.10940039245046
"80","D02E",85,"B","sw.index",0.935273990450596,0.001,-0.998930794601143,6.84083952427654,0.661338958936105,1.41270067009747
"81","D02E",85,"B","evenness",0.581118403651928,0,-1,Inf,0.41091276389458,1.41421356237309
"82","D02W",85,"T","richness",5,3,-0.4,0.510825623765991,4.12310562561766,0.485071250072666
"83","D02W",85,"T","sw.index",0.989149309862704,0.733062170793926,-0.258896343065056,0.299614775568041,0.8705735188515,0.294159118699842
"84","D02W",85,"T","evenness",0.614593021713228,0.667261943412854,0.085697233516916,-0.0822223921423705,0.641468270246353,-0.0821068229600793
"85","D03E",45,"B","richness",6,3,-0.5,0.693147180559945,4.74341649025257,0.632455532033676
"86","D03E",45,"B","sw.index",1.51990559226745,0.821806500831861,-0.459304245597346,0.614898534663743,1.22177717571891,0.571380039919975
"87","D03E",45,"B","evenness",0.84827546239913,0.748040513754101,-0.118163206514946,0.125748281497783,0.799729913885293,0.125336000197945
"88","D03W",45,"T","richness",7,6,-0.142857142857143,0.154150679827258,6.51920240520265,0.153392997769474
"89","D03W",45,"T","sw.index",1.28746763927319,1.49509382660627,0.161267111498268,-0.149511746450279,1.39514846387971,-0.148820138292452
"90","D03W",45,"T","evenness",0.661627485677187,0.834427752320126,0.261174558771656,-0.232043476245896,0.753000864423652,-0.229482162381315
"91","D04E",65,"T","richness",5,5,0,0,5,0
"92","D04E",65,"T","sw.index",0.960919807156891,1.05256947576921,0.095377020985219,-0.0910986154089224,1.00778702539463,-0.0909415048049735
"93","D04E",65,"T","evenness",0.597053045496862,0.653998186346505,0.095377020985219,-0.0910986154089224,0.626173285473596,-0.0909415048049735
"94","D04W",65,"B","richness",5,3,-0.4,0.510825623765991,4.12310562561766,0.485071250072666
"95","D04W",65,"B","sw.index",1.20113129578797,0.639031859650177,-0.467975014978728,0.631064826417582,0.96204940293346,0.584272943181351
"96","D04W",65,"B","evenness",0.746304835065921,0.581671865717887,-0.220597484583484,0.249227658707171,0.669071396119464,0.246061885626685
"97","A01E",85,"B","dbh.sd",11.5626000642953,6.31930903395827,-0.453469894416569,0.604165884898512,9.31738662162056,0.562742670586426
"98","A01E",85,"B","ba",45363.5769002242,9991.41917371574,-0.779747986017691,1.51298287013361,32845.7194036563,1.0769183433556
"99","A01E",85,"B","gini",0.27648256149671,0.0674328104098261,-0.756104652514844,1.41101604944382,0.20123343500963,1.03884203475869
"100","A01E",85,"B","dbh_shan",0.840702947845805,0.722222222222222,-0.140930546190155,0.151905506005823,0.783704786507085,0.151180301133087
"101","A01W",85,"T","dbh.sd",11.1361403479275,2.54966529243512,-0.771045872916856,1.47423361390853,8.0781933299528,1.062920222973
"102","A01W",85,"T","ba",48149.7611769134,3580.6852048004,-0.925634414018293,2.59876199816351,34141.0369491736,1.3054400204207
"103","A01W",85,"T","gini",0.259711623855235,0.118797753843321,-0.542578217794597,0.782149376740274,0.201944341197942,0.697785682807489
"104","A01W",85,"T","dbh_shan",0.855086505190311,0.5,-0.415263839430236,0.536594541057839,0.700418778788298,0.506963142542523
"105","A02E",45,"T","dbh.sd",12.5917549970927,6.24516825478804,-0.504027178401267,0.701234148922364,9.93867245756249,0.638574897140864
"106","A02E",45,"T","ba",31862.928046614,12262.3037153999,-0.615154523857296,0.954913385929407,24141.3574195032,0.811910614246539
"107","A02E",45,"T","gini",0.306610396904643,0.210813096532561,-0.312439830283626,0.374605933683573,0.263108435022207,0.364098172542421
"108","A02E",45,"T","dbh_shan",0.82373046875,0.7408,-0.100676704208654,0.106112692036737,0.78336342943333,0.105864616133524
"109","A02W",45,"B","dbh.sd",13.5886915629155,5.04485546538914,-0.628746046517318,0.990868939810328,10.2494659631299,0.833588416046341
"110","A02W",45,"B","ba",50697.8127304604,34596.5613321902,-0.317592624436758,0.382128474593379,43400.4047888083,0.370993115769793
"111","A02W",45,"B","gini",0.310777860828296,0.0658439689089336,-0.788131726200045,1.55179054742825,0.224631149913243,1.09038257612072
"112","A02W",45,"B","dbh_shan",0.835812016656752,0.7072,-0.153876725978648,0.167090216017934,0.774181363502063,0.166126469481216
"113","A03E",65,"B","dbh.sd",10.0677680761294,6.33952876797637,-0.370314381495599,0.462534602394585,8.41277537542544,0.443164014463472
"114","A03E",65,"B","ba",35508.636365362,17880.853680786,-0.496436486695716,0.68604543117561,28112.1698280406,0.627051657428207
"115","A03E",65,"B","gini",0.273170085198117,0.092978589420655,-0.659631143896221,1.07772537852563,0.204042781712318,0.883106445938951
"116","A03E",65,"B","dbh_shan",0.822364448738075,0.7265625,-0.116495732378855,0.123859156876219,0.775943410615274,0.123465123135861
"117","A03W",65,"T","dbh.sd",10.740577265678,3.92601284455871,-0.634469102782357,1.00640446925391,8.08620976897211,0.84273901071275
"118","A03W",65,"T","ba",35682.1622355831,8472.19994431115,-0.762564838745605,1.43786069802481,25932.5555403132,1.04925880709955
"119","A03W",65,"T","gini",0.295030916245082,0.165409530570592,-0.439348483624046,0.578655749404057,0.23916893019788,0.541965821259667
"120","A03W",65,"T","dbh_shan",0.791111111111111,0.580867566791152,-0.265757289168488,0.308915636318687,0.693997089429534,0.302945858883615
"121","A04E",0,"B","dbh.sd",13.3888838672177,13.3888838672177,0,0,13.3888838672177,0
"122","A04E",0,"B","ba",49330.6308775263,49330.6308775263,0,0,49330.6308775263,0
"123","A04E",0,"B","gini",0.298350183674135,0.298532462861122,0.000610957180392014,-0.000610770622036115,0.298441337183974,-0.000610770574568975
"124","A04E",0,"B","dbh_shan",0.866925207756233,0.85376960701636,-0.0151750123565118,0.01529133111587,0.860372552359749,0.0152905862742721
"125","A04W",0,"T","dbh.sd",11.3441537227324,11.3441537227324,0,0,11.3441537227324,0
"126","A04W",0,"T","ba",40512.9578430816,40512.9578430816,0,0,40512.9578430816,0
"127","A04W",0,"T","gini",0.27931977108377,0.268891323394804,-0.0373351576528338,0.0380499627080588,0.274155137025826,0.0380384909146664
"128","A04W",0,"T","dbh_shan",0.825486645540969,0.834083321236754,0.0104140699818974,-0.0103602171174211,0.82979611614294,-0.0103599854573247
"129","B01E",0,"B","dbh.sd",10.8403190638036,10.8403190638036,0,0,10.8403190638036,0
"130","B01E",0,"B","ba",35573.6908952362,35573.6908952362,0,0,35573.6908952362,0
"131","B01E",0,"B","gini",0.274062481588405,0.274062481588405,0,0,0.274062481588405,0
"132","B01E",0,"B","dbh_shan",0.830625,0.830625,0,0,0.830625,0
"133","B01W",0,"T","dbh.sd",11.0580739597312,11.0580739597312,0,0,11.0580739597312,0
"134","B01W",0,"T","ba",42523.4828935994,42523.4828935994,0,0,42523.4828935994,0
"135","B01W",0,"T","gini",0.279888851544037,0.267836790517439,-0.043060168206455,0.0440147611947759,0.273929110878456,0.0439970070648874
"136","B01W",0,"T","dbh_shan",0.83250815118947,0.839976204640095,0.00897054694293995,-0.00893055060146112,0.836250514546475,-0.00893040221885597
"137","B02E",45,"T","dbh.sd",11.8717121252053,7.22130173500899,-0.391721964039447,0.497123205556163,9.82559788338072,0.473295411169043
"138","B02E",45,"T","ba",39291.1296282474,18230.7878324877,-0.53600754152456,0.767886980173658,30628.0467256478,0.687616222621336
"139","B02E",45,"T","gini",0.306805407868751,0.238625923425957,-0.222223867944208,0.251316544211412,0.274838033783901,0.248071504165985
"140","B02E",45,"T","dbh_shan",0.81252477209671,0.750771604938272,-0.0760015808491419,0.0790449182176111,0.782257792563423,0.0789422205128522
"141","B02W",45,"B","dbh.sd",11.4130523891563,3.88426153660243,-0.659664969180994,1.07782476178302,8.52482411907586,0.883160842662642
"142","B02W",45,"B","ba",51317.6568149954,32869.8948858875,-0.359481766589883,0.445477690587437,43092.5277211196,0.428096537954228
"143","B02W",45,"B","gini",0.274193208208644,0.0546262768624803,-0.800774507802858,1.61331796914225,0.197694139457401,1.11063955638136
"144","B02W",45,"B","dbh_shan",0.843434903047091,0.625445897740785,-0.25845385876109,0.299017892450197,0.742484008810571,0.293594209059824
"145","B03E",85,"B","dbh.sd",9.26150482902823,3.81837661840736,-0.587715313127143,0.886041180699117,7.08362448532223,0.768410045154062
"146","B03E",85,"B","ba",20648.3847510945,3798.34259782274,-0.816046502251397,1.69307228294182,14845.5919268931,1.13501989252093
"147","B03E",85,"B","gini",0.239691426383933,0.0274949083503054,-0.885290397052982,2.16535153605823,0.170598871431138,1.24383307025146
"148","B03E",85,"B","dbh_shan",0.770233196159122,0.5,-0.350845948352627,0.432085222729785,0.649330107289619,0.416172287601306
"149","B03W",85,"T","dbh.sd",12.6979801750592,2.53572282473902,-0.800305025698529,1.61096420511905,9.15610699943207,1.10988844395882
"150","B03W",85,"T","ba",49869.6731990109,4478.70946482905,-0.910191722192439,2.41007812743725,35405.1065769226,1.2820456742748
"151","B03W",85,"T","gini",0.310596975377095,0.123659827074462,-0.601864033207899,0.920961706932487,0.236391871630018,0.790793469393111
"152","B03W",85,"T","dbh_shan",0.837451523545706,0.449732302201071,-0.462975122074006,0.621710857937435,0.672154817706494,0.576830234837265
"153","B04E",65,"T","dbh.sd",12.5876247502706,5.49802597461001,-0.56321974290727,0.828325054536476,9.71279018797152,0.729924011376307
"154","B04E",65,"T","ba",40453.9665870288,10805.9006311038,-0.732884027383149,1.32007236051621,29608.199042442,1.00134648221683
"155","B04E",65,"T","gini",0.326403375072523,0.21157066695346,-0.351812257129845,0.433574897941049,0.27504664183904,0.417502672823997
"156","B04E",65,"T","dbh_shan",0.778702602721628,0.608976081698468,-0.217960644320376,0.245850212747143,0.699009875311593,0.242809904434471
"157","B04W",65,"B","dbh.sd",10.753771799838,7.97095421584588,-0.258775956547085,0.299452346547515,9.46519199578388,0.294005402661849
"158","B04W",65,"B","ba",29393.7069067271,13555.2261719847,-0.538839173466669,0.774008432327095,22888.142806836,0.691995015428333
"159","B04W",65,"B","gini",0.282827826119053,0.0813953488372094,-0.712208837602326,1.24552019244416,0.208106681823963,0.967928927203957
"160","B04W",65,"B","dbh_shan",0.796932067202337,0.58,-0.272208982584784,0.317741335986294,0.696957932638474,0.311255611054024
"161","C01E",0,"T","dbh.sd",8.47638208325277,8.47638208325277,0,0,8.47638208325277,0
"162","C01E",0,"T","ba",28412.2183838742,28412.2183838742,0,0,28412.2183838742,0
"163","C01E",0,"T","gini",0.246539900478496,0.246539900478496,0,0,0.246539900478496,0
"164","C01E",0,"T","dbh_shan",0.790865051903114,0.790865051903114,0,0,0.790865051903114,0
"165","C01W",0,"B","dbh.sd",9.54401444914851,9.54401444914851,0,0,9.54401444914851,0
"166","C01W",0,"B","ba",25249.6634533033,25249.6634533033,0,0,25249.6634533033,0
"167","C01W",0,"B","gini",0.260608372456964,0.261149382739788,0.00207595127402496,-0.00207379946469847,0.260879017841643,-0.00207379760664389
"168","C01W",0,"B","dbh_shan",0.817515432098765,0.8251953125,0.00939417177914111,-0.00935032096158705,0.821364348353276,-0.00935015065680863
"169","C02E",65,"B","dbh.sd",8.47105654507742,2.71602001205484,-0.679376474752358,1.13748766268517,6.29029266790431,0.914907594425165
"170","C02E",65,"B","ba",38050.3497557305,14499.6517555069,-0.618935125469557,0.964785643992352,28792.9593613126,0.81793252665328
"171","C02E",65,"B","gini",0.238641584933902,0.0457499274731648,-0.808290212764735,1.65177257527675,0.171818016988272,1.12265093522703
"172","C02E",65,"B","dbh_shan",0.795216155278894,0.475308641975309,-0.402290007792145,0.514649605527146,0.655090466558993,0.488340969124418
"173","C02W",65,"T","dbh.sd",8.37943978210637,5.27434059525906,-0.370561668511301,0.462927394571847,7.00120274584105,0.443509393966892
"174","C02W",65,"T","ba",46578.7135227062,12497.067080421,-0.731700037736574,1.31564966220124,34100.9768118369,0.99943314323052
"175","C02W",65,"T","gini",0.223589705709827,0.192759594494309,-0.137886988659172,0.148368913268123,0.208744602048792,0.147692974634679
"176","C02W",65,"T","dbh_shan",0.80286241920591,0.697908793146888,-0.13072429789755,0.140094940395028,0.752218301999131,0.139525488518548
"177","C03E",85,"B","dbh.sd",12.5799414824424,3.56857981622408,-0.716327788868915,1.25993589356489,9.24634223913533,0.974586645525354
"178","C03E",85,"B","ba",37052.3992873728,13037.9315256446,-0.648121801114027,1.04447018915694,27774.7002811759,0.864616630192903
"179","C03E",85,"B","gini",0.308394393779718,0.0380560339395974,-0.876599462548011,2.09231981215576,0.219721828494544,1.23036642145381
"180","C03E",85,"B","dbh_shan",0.830533235938641,0.612244897959184,-0.262829142210974,0.304935584910558,0.729598955274664,0.299189488144595
"181","C03W",85,"T","dbh.sd",10.5615422000991,2.11472230332213,-0.79977144783815,1.60829580407896,7.61637131659963,1.1090346761807
"182","C03W",85,"T","ba",44320.2618339487,3557.08398999031,-0.919741358854842,2.52250084494757,31439.9304670161,1.29654160293781
"183","C03W",85,"T","gini",0.272543079946065,0.105949339367838,-0.611256541942636,0.944835643778549,0.206766768290952,0.805708489595411
"184","C03W",85,"T","dbh_shan",0.826017642682538,0.408163265306122,-0.505866165302971,0.704948878047201,0.65149919308015,0.641373591578661
"185","C04E",45,"T","dbh.sd",7.95704033729159,4.21942572622383,-0.46972422567107,0.634358078837613,6.36859656393797,0.586881987820035
"186","C04E",45,"T","ba",24820.6397065475,10290.7501217498,-0.58539545138979,0.880430107959573,18999.5222770276,0.764750259134982
"187","C04E",45,"T","gini",0.232537977201975,0.160317852098675,-0.310573464052161,0.371895134273974,0.199719458920155,0.361607854806839
"188","C04E",45,"T","dbh_shan",0.786133333333333,0.672839506172839,-0.144115282174984,0.155619587348011,0.731682519554994,0.154840144642787
"189","C04W",45,"B","dbh.sd",9.82046965372458,6.06213787945438,-0.38270387331677,0.482406424212,8.16061088060327,0.46054539657114
"190","C04W",45,"B","ba",29257.8016085328,21589.4645384406,-0.262095463380811,0.303940816923178,25711.1253548036,0.298249764032968
"191","C04W",45,"B","gini",0.290916322535573,0.106192676608556,-0.634971748291742,1.00778052645459,0.218985377688683,0.843543289861233
"192","C04W",45,"B","dbh_shan",0.723456790123457,0.759945130315501,0.0504361016306409,-0.0492054128280975,0.741925308998816,-0.0491806112414237
"193","D01E",0,"B","dbh.sd",10.5682789928703,10.5682789928703,0,0,10.5682789928703,0
"194","D01E",0,"B","ba",25264.1619033996,25264.1619033996,0,0,25264.1619033996,0
"195","D01E",0,"B","gini",0.281554135037954,0.280988112990018,-0.00201034890806944,0.00201237237180246,0.281271266394793,0.00201237067401516
"196","D01E",0,"B","dbh_shan",0.796111111111111,0.799048751486326,0.00368998791024877,-0.00368319660628578,0.797581283784425,-0.00368318619674219
"197","D01W",0,"T","dbh.sd",11.271712984522,11.271712984522,0,0,11.271712984522,0
"198","D01W",0,"T","ba",22269.8471134101,22269.8471134101,0,0,22269.8471134101,0
"199","D01W",0,"T","gini",0.291789186149272,0.295333071464725,0.0121453620753461,-0.0120721989646381,0.293566476504422,-0.012071832443716
"200","D01W",0,"T","dbh_shan",0.826474622770919,0.824656393169513,-0.0021999823724901,0.0022024058888243,0.825566008529809,0.00220240366320845
"201","D02E",85,"B","dbh.sd",11.6339110931769,6.21020665249287,-0.466197858763501,0.627730030711218,9.32508857841603,0.581624978151711
"202","D02E",85,"B","ba",29050.0716482958,7179.08899216706,-0.752871900658868,1.39784845597715,21159.4657485553,1.03362641174539
"203","D02E",85,"B","gini",0.315702620070436,0.0597368421052633,-0.810781291292624,1.66485174402161,0.227196648989424,1.12662655502937
"204","D02E",85,"B","dbh_shan",0.788599298887365,0.75,-0.0489466563587167,0.0501851258528779,0.769541699391801,0.0501588138990666
"205","D02W",85,"T","dbh.sd",9.50425955549348,1.18469070372484,-0.875351604529772,2.08225834137598,6.77253430266991,1.22842771700526
"206","D02W",85,"T","ba",26843.1892029469,2191.33941569522,-0.918365161489282,2.5054991655928,19044.143128794,1.29445833401551
"207","D02W",85,"T","gini",0.26583774137077,0.0658964594483322,-0.752117742542716,1.39480141387272,0.193664720722359,1.03240941962309
"208","D02W",85,"T","dbh_shan",0.770501032088572,0,-1,Inf,0.544826504701063,1.41421356237309
"209","D03E",45,"B","dbh.sd",8.68144418390624,3.71317545473843,-0.57228597269312,0.84930046721699,6.67664380793043,0.744126670838209
"210","D03E",45,"B","ba",31183.8335246324,19662.5686843613,-0.369462748419637,0.461183042720785,26067.6819122761,0.441975043237173
"211","D03E",45,"B","gini",0.262931803480036,0.0698470001719098,-0.734353169728997,1.32558755813076,0.192369094079947,1.00372050007098
"212","D03E",45,"B","dbh_shan",0.793798098687189,0.665816326530612,-0.161227108465285,0.175815298627885,0.732607262506356,0.174693561893902
"213","D03W",45,"T","dbh.sd",8.94705648913763,6.68787966565357,-0.252505036290635,0.291027711252548,7.89865666560088,0.286020385380581
"214","D03W",45,"T","ba",28894.6806216676,14893.5917663038,-0.484555930508007,0.662726479002114,22986.1006254811,0.609111092111161
"215","D03W",45,"T","gini",0.249144076460215,0.224021303891456,-0.100836323005137,0.106290195459689,0.236915929637964,0.106040875373595
"216","D03W",45,"T","dbh_shan",0.800554016620499,0.730083234244946,-0.0880275170850323,0.0921454616053569,0.766129317560937,0.0919828816888305
"217","D04E",65,"T","dbh.sd",10.0665097798318,3.69999357179031,-0.632445241427845,1.00088296851165,7.58368550174448,0.839501612583617
"218","D04E",65,"T","ba",15692.2395967177,5684.7511765789,-0.63773487260748,1.01537893911558,11801.7536726626,0.847966217369883
"219","D04E",65,"T","gini",0.30435021723588,0.157132892989797,-0.483710265046356,0.661087169235604,0.242198060263569,0.60783857676596
"220","D04E",65,"T","dbh_shan",0.696829793782702,0.515495867768595,-0.26022699894869,0.301411895179032,0.612906090355505,0.29585923335976
"221","D04W",65,"B","dbh.sd",4.60523767098505,3.29545141065682,-0.28441230483726,0.334651122628529,4.00426110576345,0.327098115166121
"222","D04W",65,"B","ba",12281.5773863296,4231.52110086297,-0.655457848144735,1.06553883939433,9185.39367483647,0.876397525292782
"223","D04W",65,"B","gini",0.175426267370899,0.0765217391304347,-0.563795432250479,0.829643953583235,0.135332833863834,0.730824334469913
"224","D04W",65,"B","dbh_shan",0.662527392257122,0.58,-0.124564498346196,0.13303380026836,0.622632534281265,0.132545904226459
"225","A01E",85,"B","rugosity",41.28,44.95,0.08890503875969,-0.085172639744322,43.1540316772373,-0.0850441976649852
"226","A01E",85,"B","top_rugosity",8.89,9.88,0.111361079865017,-0.105585462233963,9.39804500946873,-0.105341057528726
"227","A01E",85,"B","enl",21.75,24.5,0.126436781609195,-0.119059360015988,23.1658423114723,-0.118709260083245
"228","A01E",85,"B","fhd",2.92,2.84,-0.0273972602739726,0.0277795641070757,2.88027776438315,0.0277750989815155
"229","A01E",85,"B","porosity",0.75,0.71,-0.0533333333333334,0.0548082364949952,0.730273921210391,0.0547739674637458
"230","A01E",85,"B","clumping_index",0.85,0.91,0.0705882352941177,-0.0682082500265337,0.880511215147201,-0.0681422325665318
"231","A01E",85,"B","mean_height_mean",10.55,10.5,-0.00473933649289106,0.0047506027585978,10.5250296911695,0.00475058042277549
"232","A01E",85,"B","moch",20.82,21.96,0.0547550432276657,-0.0533085534545071,21.3975933226146,-0.0532770196541292
"233","A01E",85,"B","max_ht",31.18,31.02,-0.00513149454778705,0.00514470588123766,31.1001028937205,0.00514467751270065
"234","A01E",85,"B","p10",1.43,1.3,-0.0909090909090908,0.0953101798043247,1.36654674270586,0.0951302988308987
"235","A01E",85,"B","p25",1.83,2.02,0.103825136612022,-0.0987815445597838,1.92734273028956,-0.098581324957941
"236","A01E",85,"B","p50",6.56,4.98,-0.240853658536585,0.275560711919436,5.82383035467209,0.271299111371344
"237","A01E",85,"B","p75",11.91,11.11,-0.0671704450041982,0.0695327797156702,11.516948380539,0.0694628449799963
"238","A01E",85,"B","p90",18.14,20.84,0.148842337375965,-0.138754772198176,19.5366987999508,-0.138201444760299
"239","A01E",85,"B","cover_fraction",96.71,96.41,-0.00310205769827316,0.00310687905258272,96.5601165078005,0.00310687280473364
"240","A01E",85,"B","vai_mean",6.84,6.6,-0.0350877192982456,0.0357180826020792,6.72107134317141,0.0357085928337659
"241","A01W",85,"T","rugosity",25.15,27.02,0.0743538767395627,-0.0717194359863046,26.1017518569157,-0.0716427008520712
"242","A01W",85,"T","top_rugosity",8.83,8.22,-0.0690826727066817,0.0715848055477801,8.5304542669192,0.0715085012958287
"243","A01W",85,"T","enl",21.59,24.74,0.145900880037054,-0.136191122437626,23.2184807857879,-0.135667791060995
"244","A01W",85,"T","fhd",2.95,3.05,0.0338983050847456,-0.0333364202675917,3.0004166377355,-0.0333287046679865
"245","A01W",85,"T","porosity",0.75,0.72,-0.04,0.0408219945202552,0.735153045290571,0.0408078293250387
"246","A01W",85,"T","clumping_index",0.92,0.94,0.0217391304347825,-0.0215062052209635,0.930053761886914,-0.0215041332228187
"247","A01W",85,"T","mean_height_mean",10.39,10.87,0.0461982675649662,-0.045162896021982,10.6327089680852,-0.0451437165675041
"248","A01W",85,"T","moch",16.1,20.05,0.245341614906832,-0.219409881762161,18.1825809499092,-0.217240886257115
"249","A01W",85,"T","max_ht",28.65,29.61,0.0335078534031414,-0.0329586989527514,29.1339544174834,-0.0329512426031635
"250","A01W",85,"T","p10",1.58,1.71,0.0822784810126582,-0.079068523475693,1.64628369365672,-0.0789657338531032
"251","A01W",85,"T","p25",2.3,2.33,0.0130434782608697,-0.0129591446425053,2.31504859560226,-0.0129586912590039
"252","A01W",85,"T","p50",3.96,4.92,0.242424242424242,-0.217064505237827,4.46587057582281,-0.214963685960184
"253","A01W",85,"T","p75",11.82,12.84,0.0862944162436548,-0.0827722862838629,12.3405429378127,-0.0826543860460637
"254","A01W",85,"T","p90",16.88,19.46,0.152843601895735,-0.142231587590048,18.2157349563502,-0.141635789397593
"255","A01W",85,"T","cover_fraction",98.89,95.16,-0.0377186773182324,0.0384484358471425,97.0429227197944,0.0384365999648439
"256","A01W",85,"T","vai_mean",7.53,7.01,-0.0690571049136787,0.0715573407653036,7.27464775779556,0.0714811242156385
"257","A02E",45,"T","rugosity",29.15,20.57,-0.294339622641509,0.348621209131636,25.2274394261487,0.340105860728247
"258","A02E",45,"T","top_rugosity",9.53,9,-0.055613850996852,0.0572201403298912,9.26878902554158,0.0571811483182434
"259","A02E",45,"T","enl",14.75,16.68,0.130847457627119,-0.122967314144772,15.7446006618142,-0.122581705402086
"260","A02E",45,"T","fhd",2.42,2.49,0.0289256198347109,-0.0285151703080213,2.45524947815899,-0.0285103410560495
"261","A02E",45,"T","porosity",0.81,0.81,0,0,0.81,0
"262","A02E",45,"T","clumping_index",0.79,0.84,0.0632911392405062,-0.061368946376292,0.815383345427168,-0.0613208502238976
"263","A02E",45,"T","mean_height_mean",6.74,6.42,-0.0474777448071217,0.0486418072223459,6.58194500128951,0.0486178477543199
"264","A02E",45,"T","moch",14.18,13.12,-0.07475317348378,0.0776947375880385,13.6602855021409,0.0775972068690567
"265","A02E",45,"T","max_ht",29.58,29.72,0.00473292765382017,-0.0047217625669047,29.6500826305763,-0.00472174063540813
"266","A02E",45,"T","p10",1.45,1.53,0.0551724137931035,-0.0537041789718611,1.49053681604984,-0.0536719382832909
"267","A02E",45,"T","p25",1.67,2.05,0.227544910179641,-0.205016166721653,1.86967911685401,-0.203243431760313
"268","A02E",45,"T","p50",2.31,2.76,0.194805194805195,-0.177983155195356,2.54496561862828,-0.176819677525761
"269","A02E",45,"T","p75",4.2,5.98,0.423809523809524,-0.353336042673218,5.16722362589428,-0.344478994692617
"270","A02E",45,"T","p90",13.5,12.5,-0.0740740740740741,0.0769610411361284,13.0096118312577,0.0768662442024088
"271","A02E",45,"T","cover_fraction",96.9,98.74,0.0189886480908152,-0.0188106139339961,97.8243262179709,-0.0188092274297921
"272","A02E",45,"T","vai_mean",6.85,6.55,-0.0437956204379562,0.0447836026269734,6.70167889412795,0.0447649021594964
"273","A02W",45,"B","rugosity",32.23,19.8,-0.385665529010239,0.487215758126857,26.7470830185275,0.464723573459949
"274","A02W",45,"B","top_rugosity",8.85,8.77,-0.00903954802259888,0.00908065263574656,8.81009080543441,0.0090804966448987
"275","A02W",45,"B","enl",18.43,23.59,0.279978296256104,-0.246843121737852,21.1678175540134,-0.243766273345532
"276","A02W",45,"B","fhd",2.64,2.88,0.0909090909090908,-0.0870113769896297,2.76260746397312,-0.0868744485526138
"277","A02W",45,"B","porosity",0.81,0.72,-0.111111111111111,0.117783035656384,0.766322386466688,0.117444043902941
"278","A02W",45,"B","clumping_index",0.87,0.9,0.0344827586206897,-0.0339015516756813,0.885127109515916,-0.0338934370865754
"279","A02W",45,"B","mean_height_mean",8.64,12.99,0.503472222222222,-0.407777247866544,11.0315388772374,-0.394323951391391
"280","A02W",45,"B","moch",17.65,21.04,0.192067988668555,-0.175689604490203,19.4191155823328,-0.174570257107083
"281","A02W",45,"B","max_ht",32.97,31.87,-0.0333636639369123,0.0339329286543945,32.4246649944144,0.0339247915187247
"282","A02W",45,"B","p10",1.35,3.08,1.28148148148148,-0.824825004535145,2.37790874509515,-0.727530021313233
"283","A02W",45,"B","p25",1.7,5.23,2.07647058823529,-1.12378302701466,3.88863086445602,-0.907774515772612
"284","A02W",45,"B","p50",4.27,9.41,1.20374707259953,-0.790159126356755,7.30688031926074,-0.703446583961571
"285","A02W",45,"B","p75",10.69,14.07,0.316183348924228,-0.274736146089344,12.494818926259,-0.270512123460759
"286","A02W",45,"B","p90",18.27,17.29,-0.053639846743295,0.0551320706947163,17.786750686958,0.0550971910073817
"287","A02W",45,"B","cover_fraction",92.52,98.4,0.0635538261997407,-0.0616159666949694,95.5052626822208,-0.0615672878631287
"288","A02W",45,"B","vai_mean",5.87,7.28,0.240204429301533,-0.21527622836859,6.61268856063855,-0.213226433858219
"289","A03E",65,"B","rugosity",22.01,20.84,-0.0531576556110859,0.0546226786532043,21.4329850930756,0.05458875629872
"290","A03E",65,"B","top_rugosity",6.98,6.39,-0.0845272206303726,0.0883146483848379,6.69150580960668,0.0881714843844214
"291","A03E",65,"B","enl",21.39,21.2,-0.00888265544647037,0.00892234141634757,21.2952119031486,0.00892219344255078
"292","A03E",65,"B","fhd",2.97,2.9,-0.0235690235690237,0.0238512158221801,2.93520868082663,0.0238483895394744
"293","A03E",65,"B","porosity",0.71,0.71,0,0,0.71,0
"294","A03E",65,"B","clumping_index",0.92,0.91,-0.0108695652173913,0.0109290705321902,0.915013661100205,0.010928798579877
"295","A03E",65,"B","mean_height_mean",11.21,10.28,-0.0829616413916148,0.0866059770570496,10.7550569501049,0.086470950764322
"296","A03E",65,"B","moch",17.79,18.37,0.032602585722316,-0.0320823975492906,18.0823256247641,-0.0320755201535405
"297","A03E",65,"B","max_ht",27.86,27.65,-0.00753768844221109,0.00756624038331588,27.7551986121519,0.00756615014486178
"298","A03E",65,"B","p10",1.61,1.7,0.0559006211180123,-0.0543940720657987,1.65561166944426,-0.0543605735940544
"299","A03E",65,"B","p25",2.53,2.29,-0.0948616600790513,0.0996674851732804,2.41298570240273,0.0994618408890777
"300","A03E",65,"B","p50",5.38,5.22,-0.0297397769516729,0.0301909722791457,5.30060373919802,0.0301852407522559
"301","A03E",65,"B","p75",12.55,11.77,-0.0621513944223108,0.0641667443056077,12.1662525043663,0.0641117714530475
"302","A03E",65,"B","p90",16.95,16.93,-0.00117994100294983,0.0011806376814154,16.9400029515936,0.00118063733856186
"303","A03E",65,"B","cover_fraction",98.31,94.5,-0.038754958803784,0.0395259168791358,96.4238199305545,0.0395130581089196
"304","A03E",65,"B","vai_mean",7.28,6.66,-0.0851648351648352,0.0890113776562968,6.97689042482394,0.0888648039811583
"305","A03W",65,"T","rugosity",20.42,18.21,-0.10822722820764,0.114543918997003,19.3465823855274,0.114232062074862
"306","A03W",65,"T","top_rugosity",7.66,7.02,-0.0835509138381202,0.0872487657147802,7.34697216545701,0.087110715215319
"307","A03W",65,"T","enl",20.72,19.94,-0.0376447876447875,0.0383716528575898,20.3337404330831,0.0383598877229165
"308","A03W",65,"T","fhd",2.94,2.83,-0.0374149659863945,0.038132869695444,2.88552421580551,0.0381213227729897
"309","A03W",65,"T","porosity",0.73,0.74,0.0136986301369863,-0.0136056520557786,0.73501700660597,-0.0136051273781762
"310","A03W",65,"T","clumping_index",0.92,0.92,0,0,0.92,0
"311","A03W",65,"T","mean_height_mean",9.8,8.85,-0.0969387755102042,0.101964926656688,9.3370900177732,0.10174476182533
"312","A03W",65,"T","moch",14.78,14.1,-0.0460081190798376,0.0471001181359332,14.4440022154526,0.0470783644212209
"313","A03W",65,"T","max_ht",27.07,26.14,-0.0343553749538234,0.034959395430134,26.6090633055732,0.0349504974797521
"314","A03W",65,"T","p10",1.81,1.73,-0.0441988950276243,0.0452054367680468,1.77045191970864,0.0451862030871562
"315","A03W",65,"T","p25",2.49,2.71,0.0883534136546184,-0.0846659244149932,2.60232588274413,-0.0845397578600002
"316","A03W",65,"T","p50",4.7,4.25,-0.0957446808510639,0.100643525779688,4.48065285421667,0.100431793009028
"317","A03W",65,"T","p75",9.9,9.83,-0.0070707070707071,0.00709582298146908,9.86506208799519,0.00709574854933588
"318","A03W",65,"T","p90",14.64,13.62,-0.0696721311475411,0.0722182078117993,14.1392008260722,0.0721398622558043
"319","A03W",65,"T","cover_fraction",98.44,97.91,-0.00538399024786673,0.00539853615687504,98.1753576515003,0.00539850337883543
"320","A03W",65,"T","vai_mean",7.41,7.19,-0.029689608636977,0.0301392675750402,7.30082872008377,0.0301335654396061
"321","A04E",0,"B","rugosity",43.38,40.35,-0.0698478561549101,0.0724071106827706,41.8924032492766,0.0723281493775921
"322","A04E",0,"B","top_rugosity",9.82,9.62,-0.0203665987780042,0.0205768576887595,9.72051438968124,0.0205750428405631
"323","A04E",0,"B","enl",25.89,22.3,-0.138663576670529,0.149270115297373,24.1617683541582,0.148581840011812
"324","A04E",0,"B","fhd",2.99,2.75,-0.0802675585284282,0.0836724757241152,2.87250761530757,0.0835506923362159
"325","A04E",0,"B","porosity",0.77,0.79,0.025974025974026,-0.0256424306133377,0.780064099930256,-0.0256389186501317
"326","A04E",0,"B","clumping_index",0.93,0.89,-0.0430107526881721,0.0439631234211162,0.910219753685889,0.0439454316806706
"327","A04E",0,"B","mean_height_mean",11.5,9.52,-0.172173913043478,0.188952186565931,10.5565240491366,0.187561738199416
"328","A04E",0,"B","moch",21.87,18.2,-0.167809785093736,0.183694240605927,20.1188580689859,0.182415919801008
"329","A04E",0,"B","max_ht",35.11,35.04,-0.00199373397892339,0.0019957241121502,35.0750174625758,0.0019957224561524
"330","A04E",0,"B","p10",1.58,1.72,0.0886075949367088,-0.0848994437864862,1.65148418097177,-0.0847722319190613
"331","A04E",0,"B","p25",2.42,2.26,-0.0661157024793389,0.0684027268844006,2.34136712200372,0.0683361436557089
"332","A04E",0,"B","p50",7.56,4.82,-0.362433862433862,0.450097262128933,6.33979494936548,0.432190634221417
"333","A04E",0,"B","p75",12.6,11.59,-0.0801587301587301,0.0835541566057719,12.105537988871,0.0834328883960813
"334","A04E",0,"B","p90",18.64,18.69,0.00268240343347643,-0.0026788122100264,18.6650167425588,-0.00267880820519137
"335","A04E",0,"B","cover_fraction",93.94,95.88,0.0206514796678731,-0.0204411289673345,94.914956671749,-0.0204393497929861
"336","A04E",0,"B","vai_mean",6.48,6.72,0.0370370370370369,-0.0363676441708747,6.60109081894803,-0.0363576273350298
"337","A04W",0,"T","rugosity",14.24,12.81,-0.100421348314607,0.105828790075187,13.5438860745356,0.105582695552098
"338","A04W",0,"T","top_rugosity",5.22,4.99,-0.0440613026819923,0.04506149213112,5.10629513443945,0.0450424415245336
"339","A04W",0,"T","enl",22.41,23.46,0.0468540829986613,-0.0457895554124938,22.9410080423681,-0.0457695667976241
"340","A04W",0,"T","fhd",3.08,3.09,0.00324675324675318,-0.00324149392417096,3.0850040518612,-0.00324148682850732
"341","A04W",0,"T","porosity",0.68,0.75,0.102941176470588,-0.0979804083602037,0.715856130797243,-0.0977850115246502
"342","A04W",0,"T","clumping_index",0.91,0.92,0.010989010989011,-0.0109290705321903,0.915013661100205,-0.010928798579877
"343","A04W",0,"T","mean_height_mean",18.31,16.86,-0.0791916985253959,0.0825034061127098,17.5999389203486,0.0823866495538544
"344","A04W",0,"T","moch",22.38,22.06,-0.0142984807864165,0.0144016890584227,22.2205760501388,0.0144010667985361
"345","A04W",0,"T","max_ht",28.8,32.1,0.114583333333333,-0.10848064299407,30.4946716657189,-0.108215626525658
"346","A04W",0,"T","p10",5.93,2.97,-0.499156829679595,0.691462260195026,4.68965883620547,0.631175977482195
"347","A04W",0,"T","p25",9.63,8.44,-0.123572170301142,0.131900917202169,9.05457066900469,0.131425336827241
"348","A04W",0,"T","p50",14.97,15.31,0.0227120908483634,-0.0224580112380553,15.1409543952817,-0.02245565181188
"349","A04W",0,"T","p75",18.64,19.45,0.0434549356223175,-0.0425372608070102,19.0493057616282,-0.042521234638987
"350","A04W",0,"T","p90",21.99,21.21,-0.0354706684856752,0.0361150359900787,21.6035205464295,0.0361052263830634
"351","A04W",0,"T","cover_fraction",99.7,99.26,-0.00441323971915745,0.00442300680849786,99.4802432646805,0.00442298878209736
"352","A04W",0,"T","vai_mean",7.9,7.55,-0.0443037974683545,0.0453151962120425,7.72698194640055,0.0452958221499457
"353","B01E",0,"B","rugosity",22.66,19.19,-0.153133274492498,0.166211945580252,20.9968057094407,0.165263233275517
"354","B01E",0,"B","top_rugosity",6.18,6.12,-0.00970873786407761,0.00975617494536466,6.15007317029643,0.00975598148812067
"355","B01E",0,"B","enl",20.08,20.66,0.0288844621513945,-0.0284751688679641,20.3720642056714,-0.0284703599077865
"356","B01E",0,"B","fhd",3.08,2.95,-0.0422077922077922,0.0431244266337546,3.01570058195438,0.0431077278619454
"357","B01E",0,"B","porosity",0.73,0.73,0,0,0.73,0
"358","B01E",0,"B","clumping_index",0.88,0.89,0.0113636363636364,-0.0112995552539334,0.885014124181078,-0.0112992546974922
"359","B01E",0,"B","mean_height_mean",13.29,11.49,-0.135440180586907,0.14553478086449,12.4226446459681,0.144896682735283
"360","B01E",0,"B","moch",18.99,19.38,0.0205371248025277,-0.0203290816384257,19.1859909830063,-0.0203273315590233
"361","B01E",0,"B","max_ht",28.64,29.02,0.013268156424581,-0.0131809053635969,28.8306260771423,-0.013180428305068
"362","B01E",0,"B","p10",1.91,1.83,-0.0418848167539266,0.0427872752052088,1.8704277585622,0.0427709648949479
"363","B01E",0,"B","p25",2.89,2.52,-0.1280276816609,0.136997600601009,2.71131886726737,0.136464952339932
"364","B01E",0,"B","p50",7.35,6.81,-0.073469387755102,0.0763081930633243,7.0851464346194,0.0762157853733912
"365","B01E",0,"B","p75",13.71,13.46,-0.0182348650619985,0.0184031693576412,13.5855750706402,0.0184018710065705
"366","B01E",0,"B","p90",15.7,15.28,-0.0267515923566879,0.027115928615888,15.4914234336293,0.0271117758674293
"367","B01E",0,"B","cover_fraction",97.72,99.02,0.0133033155955792,-0.0132156035437373,98.37214748088,-0.0132151227079054
"368","B01E",0,"B","vai_mean",7.36,7.48,0.016304347826087,-0.0161728592456011,7.42024258363566,-0.0161719780246328
"369","B01W",0,"T","rugosity",27.84,21.4,-0.23132183908046,0.263082913438413,24.8296757932922,0.259367059546536
"370","B01W",0,"T","top_rugosity",9.32,8.23,-0.116952789699571,0.124376614008521,8.79190821153178,0.123977636455567
"371","B01W",0,"T","enl",15.61,17.84,0.142857142857143,-0.133531392624523,16.7621254618858,-0.133038021047548
"372","B01W",0,"T","fhd",2.63,2.58,-0.0190114068441064,0.0191944472561472,2.60511995885026,0.0191929741393048
"373","B01W",0,"T","porosity",0.79,0.74,-0.0632911392405064,0.0653827592628517,0.765408387725141,0.0653246042267766
"374","B01W",0,"T","clumping_index",0.79,0.77,-0.0253164556962026,0.0256424306133377,0.780064099930256,0.0256389186501317
"375","B01W",0,"T","mean_height_mean",6.97,6.73,-0.0344332855093256,0.035040081115796,6.85105101426051,0.0350311214294621
"376","B01W",0,"T","moch",13.46,15.3,0.136701337295691,-0.128130504181808,14.4093997099116,-0.127694424267678
"377","B01W",0,"T","max_ht",29.52,29.41,-0.00372628726287261,0.00373324716636806,29.4650513320442,0.00373323632667053
"378","B01W",0,"T","p10",1.42,1.62,0.140845070422535,-0.131769277631123,1.52328592194637,-0.131295114803169
"379","B01W",0,"T","p25",1.78,2.04,0.146067415730337,-0.136336443552131,1.91441897190766,-0.135811441390448
"380","B01W",0,"T","p50",2.77,2.93,0.0577617328519856,-0.0561551028297288,2.85112258592997,-0.0561182464723143
"381","B01W",0,"T","p75",5.02,5.14,0.0239043824701195,-0.0236231457634359,5.08035431835221,-0.0236203997753687
"382","B01W",0,"T","p90",9.61,10.97,0.141519250780437,-0.132360051304938,10.3124439392416,-0.131879504801461
"383","B01W",0,"T","cover_fraction",96.5,99.03,0.0262176165803109,-0.0258798261882711,97.7731836957353,-0.0258762157921872
"384","B01W",0,"T","vai_mean",7.06,7.37,0.0439093484419264,-0.0429726546960946,7.21666474210906,-0.0429561315480208
"385","B02E",45,"T","rugosity",NA,15.8,NA,NA,NA,NA
"386","B02E",45,"T","top_rugosity",NA,6.72,NA,NA,NA,NA
"387","B02E",45,"T","enl",NA,19.83,NA,NA,NA,NA
"388","B02E",45,"T","fhd",NA,2.96,NA,NA,NA,NA
"389","B02E",45,"T","porosity",NA,0.73,NA,NA,NA,NA
"390","B02E",45,"T","clumping_index",NA,0.9,NA,NA,NA,NA
"391","B02E",45,"T","mean_height_mean",NA,9.91,NA,NA,NA,NA
"392","B02E",45,"T","moch",NA,15.28,NA,NA,NA,NA
"393","B02E",45,"T","max_ht",NA,27.24,NA,NA,NA,NA
"394","B02E",45,"T","p10",NA,1.59,NA,NA,NA,NA
"395","B02E",45,"T","p25",NA,2.51,NA,NA,NA,NA
"396","B02E",45,"T","p50",NA,4.74,NA,NA,NA,NA
"397","B02E",45,"T","p75",NA,9.35,NA,NA,NA,NA
"398","B02E",45,"T","p90",NA,13.63,NA,NA,NA,NA
"399","B02E",45,"T","cover_fraction",NA,99.05,NA,NA,NA,NA
"400","B02E",45,"T","vai_mean",NA,7.51,NA,NA,NA,NA
"401","B02W",45,"B","rugosity",NA,24.92,NA,NA,NA,NA
"402","B02W",45,"B","top_rugosity",NA,8.07,NA,NA,NA,NA
"403","B02W",45,"B","enl",NA,24.98,NA,NA,NA,NA
"404","B02W",45,"B","fhd",NA,3,NA,NA,NA,NA
"405","B02W",45,"B","porosity",NA,0.7,NA,NA,NA,NA
"406","B02W",45,"B","clumping_index",NA,0.93,NA,NA,NA,NA
"407","B02W",45,"B","mean_height_mean",NA,10.93,NA,NA,NA,NA
"408","B02W",45,"B","moch",NA,21.04,NA,NA,NA,NA
"409","B02W",45,"B","max_ht",NA,30.84,NA,NA,NA,NA
"410","B02W",45,"B","p10",NA,2.21,NA,NA,NA,NA
"411","B02W",45,"B","p25",NA,3.59,NA,NA,NA,NA
"412","B02W",45,"B","p50",NA,6.55,NA,NA,NA,NA
"413","B02W",45,"B","p75",NA,11.63,NA,NA,NA,NA
"414","B02W",45,"B","p90",NA,18.18,NA,NA,NA,NA
"415","B02W",45,"B","cover_fraction",NA,96.22,NA,NA,NA,NA
"416","B02W",45,"B","vai_mean",NA,6.68,NA,NA,NA,NA
"417","B03E",85,"B","rugosity",18.87,20.71,0.0975092739798622,-0.0930433160270339,19.8113729963372,-0.0928759455662252
"418","B03E",85,"B","top_rugosity",7.23,7.1,-0.0179806362378978,0.0181442521234038,7.16529482994245,0.0181430078015429
"419","B03E",85,"B","enl",15.41,17.79,0.154445165476963,-0.143619852345719,16.642598955692,-0.143006510361533
"420","B03E",85,"B","fhd",2.53,2.56,0.0118577075098815,-0.0117879557520424,2.54504420393831,-0.0117876145151337
"421","B03E",85,"B","porosity",0.72,0.73,0.0138888888888889,-0.0137933221323359,0.725017241174305,-0.0137927754432475
"422","B03E",85,"B","clumping_index",0.83,0.83,0,0,0.83,0
"423","B03E",85,"B","mean_height_mean",7.86,7.4,-0.0585241730279898,0.0603066062309911,7.63346579215496,0.0602609630441718
"424","B03E",85,"B","moch",14.21,15.76,0.109078114004222,-0.103529142320724,15.0050274908112,-0.103298711111938
"425","B03E",85,"B","max_ht",26.63,27.31,0.0255351107773188,-0.0252145356597728,26.9721430368445,-0.0252111965694052
"426","B03E",85,"B","p10",1.63,1.48,-0.0920245398773006,0.0965379270426472,1.55680763101932,0.096351017949332
"427","B03E",85,"B","p25",2.27,1.94,-0.145374449339207,0.157091858418075,2.11145684303516,0.15629019417969
"428","B03E",85,"B","p50",3.38,2.95,-0.127218934911243,0.136070539143199,3.17229412255547,0.13554859145709
"429","B03E",85,"B","p75",6.25,6.95,0.112,-0.106160195828391,6.60927378764112,-0.105911787359899
"430","B03E",85,"B","p90",14.64,16.05,0.0963114754098361,-0.0919513410428594,15.361186477613,-0.0917897847314658
"431","B03E",85,"B","cover_fraction",97.89,93.31,-0.0467872101338237,0.0479171160274083,95.6274233679858,0.0478942110818526
"432","B03E",85,"B","vai_mean",7.14,6.07,-0.149859943977591,0.162354171280086,6.62663187448948,0.161469660646033
"433","B03W",85,"T","rugosity",29.26,31.06,0.0615174299384825,-0.0596994221285626,30.1734253938793,-0.0596551427788881
"434","B03W",85,"T","top_rugosity",9.56,8.98,-0.0606694560669456,0.0625878447492016,9.27453502877638,0.0625368277978806
"435","B03W",85,"T","enl",21.91,22.51,0.0273847558192607,-0.0270165013112658,22.2120260219549,-0.0270123940700838
"436","B03W",85,"T","fhd",2.98,2.62,-0.120805369127517,0.128748982744308,2.80577974901809,0.128306578635043
"437","B03W",85,"T","porosity",0.77,0.72,-0.064935064935065,0.0671393028376285,0.745419345066923,0.0670763380785497
"438","B03W",85,"T","clumping_index",0.91,0.88,-0.032967032967033,0.0335226920386436,0.895125689498408,0.0335148464086768
"439","B03W",85,"T","mean_height_mean",9.7,7.85,-0.190721649484536,0.21161235371502,8.82361887209551,0.209664540911959
"440","B03W",85,"T","moch",16.33,19.49,0.193508879363135,-0.176897606537096,17.9795578366099,-0.17575515642357
"441","B03W",85,"T","max_ht",29.84,30.46,0.0207774798927614,-0.0205645721314557,30.1515936560574,-0.0205627605317454
"442","B03W",85,"T","p10",1.59,1.44,-0.0943396226415095,0.099090902644231,1.51685529962485,0.0988887997669244
"443","B03W",85,"T","p25",1.95,1.81,-0.0717948717948717,0.0745025272979211,1.88130274012451,0.0744165184125199
"444","B03W",85,"T","p50",3.22,2.66,-0.173913043478261,0.191055236762709,2.95330323536206,0.189618185255991
"445","B03W",85,"T","p75",10.52,6.42,-0.389733840304183,0.493860089607694,8.71455104982465,0.470477478020224
"446","B03W",85,"T","p90",16.15,15.1,-0.0650154798761609,0.0672253058477869,15.6338175120474,0.0671620990324897
"447","B03W",85,"T","cover_fraction",98.4,97.38,-0.0103658536585367,0.0104199533036531,97.8913285230107,0.0104197176132945
"448","B03W",85,"T","vai_mean",6.93,6.81,-0.0173160173160173,0.0174676930403908,6.87026200373756,0.0174665827787525
"449","B04E",65,"T","rugosity",14.11,22.51,0.595322466335932,-0.467075889053918,18.7855290050613,-0.447152699172689
"450","B04E",65,"T","top_rugosity",6.96,7.29,0.0474137931034483,-0.0463240716742385,7.12691027023632,-0.0463033751635907
"451","B04E",65,"T","enl",18.34,19.55,0.0659760087241004,-0.063890819603056,18.9546577389306,-0.0638365522957879
"452","B04E",65,"T","fhd",2.86,2.84,-0.006993006993007,0.00701757265864654,2.85001754380565,0.00701750066187096
"453","B04E",65,"T","porosity",0.73,0.74,0.0136986301369863,-0.0136056520557786,0.73501700660597,-0.0136051273781762
"454","B04E",65,"T","clumping_index",0.88,0.89,0.0113636363636364,-0.0112995552539334,0.885014124181078,-0.0112992546974922
"455","B04E",65,"T","mean_height_mean",9.83,9.42,-0.0417090539165819,0.0426038455708036,9.62718286935488,0.0425877440538817
"456","B04E",65,"T","moch",15.71,18.26,0.162316995544239,-0.150415422899293,17.0327874994083,-0.149711255429482
"457","B04E",65,"T","max_ht",27.41,28.38,0.035388544326888,-0.0347767614172022,27.8992159388037,-0.0347680021591887
"458","B04E",65,"T","p10",2.26,2.05,-0.0929203539823009,0.0975250201338778,2.15755648825239,0.09733232994984
"459","B04E",65,"T","p25",3.2,3.01,-0.0593750000000001,0.0612107310448966,3.10645296117614,0.0611630056448897
"460","B04E",65,"T","p50",4.9,5.02,0.0244897959183672,-0.0241947285870568,4.96036288995069,-0.0241917784368377
"461","B04E",65,"T","p75",9.81,9.45,-0.0366972477064221,0.0373875320716204,9.6316820960827,0.0373766488977472
"462","B04E",65,"T","p90",12.41,12.43,0.00161160354552777,-0.00161030630610391,12.4200040257642,-0.00161030543617468
"463","B04E",65,"T","cover_fraction",98.47,96.46,-0.020412308317254,0.0206235186188849,97.4701813376789,0.0206216913974593
"464","B04E",65,"T","vai_mean",7.43,6.98,-0.060565275908479,0.0624769419553867,7.20851232918416,0.0624261955102918
"465","B04W",65,"B","rugosity",20.49,19.9,-0.0287945339189849,0.0292172305203617,20.1971545025531,0.0292120357808532
"466","B04W",65,"B","top_rugosity",7.03,7.26,0.0327169274537695,-0.0321931230141311,7.1459254124291,-0.0321861741797577
"467","B04W",65,"B","enl",19.18,19.82,0.0333680917622524,-0.0328234594465498,19.5026254642804,-0.0328160944880051
"468","B04W",65,"B","fhd",2.92,2.88,-0.0136986301369863,0.0137933221323358,2.90006896469722,0.0137927754432475
"469","B04W",65,"B","porosity",0.74,0.72,-0.0270270270270271,0.0273989741881146,0.730068489937759,0.0273946900539497
"470","B04W",65,"B","clumping_index",0.9,0.89,-0.0111111111111111,0.0111733005981253,0.895013966371475,0.0111730100040132
"471","B04W",65,"B","mean_height_mean",9.6,8.63,-0.101041666666667,0.106518593378454,9.12789406161136,0.106267666282354
"472","B04W",65,"B","moch",14.67,15.21,0.0368098159509203,-0.0361485141163112,14.9424395598577,-0.0361386772110955
"473","B04W",65,"B","max_ht",26.95,27.39,0.0163265306122449,-0.0161946859199807,27.1708906736603,-0.0161938011265321
"474","B04W",65,"B","p10",1.72,1.69,-0.0174418604651163,0.0175957618903797,1.705065981128,0.0175946270303002
"475","B04W",65,"B","p25",2.71,2.69,-0.00738007380073801,0.00740744127786182,2.70001851845501,0.00740735660266667
"476","B04W",65,"B","p50",4.75,4.41,-0.071578947368421,0.0742699285877952,4.58315393588302,0.0741847218654447
"477","B04W",65,"B","p75",8.76,7.58,-0.134703196347032,0.14468270529402,8.19127584689955,0.144055702927724
"478","B04W",65,"B","p90",13.04,12.29,-0.0575153374233129,0.0592356329205634,12.6705505010635,0.0591923768376954
"479","B04W",65,"B","cover_fraction",98.45,99.02,0.00578974098527164,-0.00577304484814241,98.7354113274462,-0.00577300476431545
"480","B04W",65,"B","vai_mean",7.51,7.54,0.00399467376830895,-0.00398671624382134,7.52501495015126,-0.0039867030429484
"481","C01E",0,"T","rugosity",8.24,10.28,0.24757281553398,-0.221199916105639,9.31600772863569,-0.218977920523768
"482","C01E",0,"T","top_rugosity",5.18,5.41,0.0444015444015445,-0.0434440365869986,5.29624867240956,-0.0434269639184749
"483","C01E",0,"T","enl",17.25,17.59,0.0197101449275362,-0.0195184152720981,17.4208294865658,-0.0195168663043395
"484","C01E",0,"T","fhd",2.75,2.79,0.0145454545454546,-0.0144406841547944,2.77007220122509,-0.0144400568267895
"485","C01E",0,"T","porosity",0.69,0.71,0.0289855072463768,-0.0285733724440561,0.700071424927486,-0.0285685135657003
"486","C01E",0,"T","clumping_index",0.91,0.93,0.021978021978022,-0.0217399866364059,0.920054346220918,-0.0217378463371747
"487","C01E",0,"T","mean_height_mean",10.58,10.13,-0.0425330812854442,0.0434641081695613,10.3574441828088,0.0434470118358837
"488","C01E",0,"T","moch",14.34,13.6,-0.0516039051603905,0.052983042429468,13.9748989262892,0.0529520824374572
"489","C01E",0,"T","max_ht",22.13,22.11,-0.000903750564844084,0.000904159193603359,22.1200022603977,0.000904159039613045
"490","C01E",0,"T","p10",2.83,2.29,-0.190812720848057,0.211724894088998,2.57419890451379,0.209773999613287
"491","C01E",0,"T","p25",4.9,3.25,-0.336734693877551,0.410580208774935,4.15767362836479,0.396856547070758
"492","C01E",0,"T","p50",7.08,5.83,-0.176553672316384,0.194256907343227,6.48518696723541,0.192746948748783
"493","C01E",0,"T","p75",10.82,10.49,-0.0304990757855823,0.0309738510101296,10.6562774926332,0.0309676620403451
"494","C01E",0,"T","p90",14.2,13.55,-0.0457746478873238,0.0468554172815049,13.8788057843606,0.0468340007129761
"495","C01E",0,"T","cover_fraction",92.16,90.22,-0.0210503472222222,0.0212750649673313,91.1951588627379,0.0212730590548121
"496","C01E",0,"T","vai_mean",6.63,6.8,0.0256410256410256,-0.0253178079842899,6.71553795313525,-0.0253144277027923
"497","C01W",0,"B","rugosity",8.88,10.13,0.140765765765766,-0.131699761256513,9.52552623218266,-0.131226345876492
"498","C01W",0,"B","top_rugosity",4.78,5.5,0.150627615062761,-0.140307545735061,5.15259158094255,-0.139735507596411
"499","C01W",0,"B","enl",16.43,16.82,0.0237370663420572,-0.0234597224956253,16.6261435696917,-0.0234570330976176
"500","C01W",0,"B","fhd",2.76,2.71,-0.0181159420289854,0.0182820448374491,2.7351142572112,0.0182807719524599
"501","C01W",0,"B","porosity",0.71,0.75,0.0563380281690141,-0.054808236494995,0.730273921210391,-0.0547739674637458
"502","C01W",0,"B","clumping_index",0.93,0.94,0.0107526881720429,-0.0106952891167478,0.935013368888381,-0.0106950342452202
"503","C01W",0,"B","mean_height_mean",10,9.49,-0.051,0.0523464803722092,9.74833575539948,0.0523166223237148
"504","C01W",0,"B","moch",13.41,12.65,-0.0566741237882177,0.0583434821200578,13.0355398814165,0.058302149885135
"505","C01W",0,"B","max_ht",19.98,20.96,0.0490490490490491,-0.047884086232434,20.4758638401412,-0.0478612285982678
"506","C01W",0,"B","p10",2.37,1.98,-0.164556962025316,0.179793110440596,2.18372388364463,0.178594007658647
"507","C01W",0,"B","p25",3.46,2.79,-0.19364161849711,0.215226993236359,3.14290470743228,0.213178591897997
"508","C01W",0,"B","p50",6.73,5.51,-0.181277860326895,0.200010520491813,6.15032519465434,0.198363494837701
"509","C01W",0,"B","p75",10.98,10.23,-0.0683060109289617,0.0707508561178494,10.6116280560525,0.0706771850689045
"510","C01W",0,"B","p90",13.67,13.41,-0.0190197512801756,0.019202953442271,13.5406240624278,0.0192014783662328
"511","C01W",0,"B","cover_fraction",94.78,83.46,-0.119434479848069,0.127190941376036,89.2995520705451,0.126764353656079
"512","C01W",0,"B","vai_mean",6.77,5.93,-0.124076809453471,0.13247687391455,6.36387460592994,0.131995058359144
"513","C02E",65,"B","rugosity",9.47,20.03,1.11510031678986,-0.74910224247974,15.6665535456909,-0.674047420142673
"514","C02E",65,"B","top_rugosity",5.03,5.6,0.113320079522863,-0.107346613629456,5.32263562532699,-0.107089802895343
"515","C02E",65,"B","enl",15.56,21.57,0.386246786632391,-0.32659994165082,18.8066278210635,-0.319568189320404
"516","C02E",65,"B","fhd",2.69,2.74,0.0185873605947956,-0.0184167267862313,2.7151150988494,-0.0184154255637962
"517","C02E",65,"B","porosity",0.72,0.62,-0.138888888888889,0.149531733970964,0.671863081289633,0.148839849643251
"518","C02E",65,"B","clumping_index",0.92,0.91,-0.0108695652173913,0.0109290705321902,0.915013661100205,0.010928798579877
"519","C02E",65,"B","mean_height_mean",9.28,10.28,0.107758620689655,-0.10233871322891,9.79277284531812,-0.102116123369296
"520","C02E",65,"B","moch",12.82,19.94,0.555382215288612,-0.441721313041168,16.7623983964109,-0.424760218175252
"521","C02E",65,"B","max_ht",19.45,25.01,0.28586118251928,-0.251428674825072,22.4031537958387,-0.248179343438367
"522","C02E",65,"B","p10",1.96,1.85,-0.0561224489795918,0.0577588341521923,1.90579379787006,0.0577187312304915
"523","C02E",65,"B","p25",3.04,2.56,-0.157894736842105,0.171850256926659,2.81026689124005,0.170802282692872
"524","C02E",65,"B","p50",4.9,5.19,0.0591836734693878,-0.0574984920612163,5.04708331613418,-0.0574589286198124
"525","C02E",65,"B","p75",9.53,9.31,-0.0230849947534102,0.0233556263771348,9.42064222863813,0.0233529726170062
"526","C02E",65,"B","p90",12.72,19.98,0.570754716981132,-0.451556215308431,16.7481163119916,-0.433481584720178
"527","C02E",65,"B","cover_fraction",86.65,84.59,-0.0237738026543566,0.024060959845692,85.6261951741405,0.0240580583524764
"528","C02E",65,"B","vai_mean",6.16,5.72,-0.0714285714285715,0.074107972153722,5.94407267788677,0.0740233210197606
"529","C02W",65,"T","rugosity",15.79,19.7,0.247625079164028,-0.221241807476392,17.852368190243,-0.219018561477853
"530","C02W",65,"T","top_rugosity",6.55,8.34,0.273282442748092,-0.241598166723495,7.49860320326392,-0.238711124122539
"531","C02W",65,"T","enl",19.31,24.21,0.253754531330917,-0.226142674509544,21.897490723825,-0.223769931532324
"532","C02W",65,"T","fhd",2.85,2.9,0.0175438596491227,-0.0173917427118691,2.87510869359751,-0.0173906468688795
"533","C02W",65,"T","porosity",0.72,0.71,-0.0138888888888889,0.0139862419747399,0.715017482303755,0.0139856720255013
"534","C02W",65,"T","clumping_index",0.92,0.95,0.0326086956521738,-0.0320883145515004,0.935120313114842,-0.0320814333506149
"535","C02W",65,"T","mean_height_mean",11.62,12.51,0.0765920826161791,-0.0738005730550546,12.0732038001518,-0.0737169698062092
"536","C02W",65,"T","moch",16.47,19.88,0.207043108682453,-0.188173657038879,18.2547979994302,-0.186800204532882
"537","C02W",65,"T","max_ht",24.98,27.77,0.111689351481185,-0.105880796621277,26.4118657046412,-0.10563433992888
"538","C02W",65,"T","p10",2.62,2.25,-0.141221374045802,0.152244101556677,2.44201760845412,0.151514058997397
"539","C02W",65,"T","p25",4.32,4.23,-0.0208333333333333,0.0210534091978323,4.2752368355449,0.021051465325085
"540","C02W",65,"T","p50",7.04,7.98,0.133522727272727,-0.125330241291766,7.52469268475464,-0.12492204524239
"541","C02W",65,"T","p75",11.71,13.06,0.115286080273271,-0.109110946238659,12.4033805875656,-0.108841294554274
"542","C02W",65,"T","p90",16.96,22.41,0.321344339622641,-0.278649657449079,19.87271622099,-0.274245349221239
"543","C02W",65,"T","cover_fraction",94.56,83.73,-0.114530456852792,0.121637217441447,89.309312224426,0.121263950312205
"544","C02W",65,"T","vai_mean",6.94,5.54,-0.201729106628242,0.225307273759521,6.27914006851257,0.222960466676075
"545","C03E",85,"B","rugosity",16.07,15.94,-0.00808960796515251,0.00812250638735228,16.0051319894589,0.00812239474723607
"546","C03E",85,"B","top_rugosity",6.09,6.64,0.090311986863711,-0.0864638817665369,6.37093792153086,-0.086329518004131
"547","C03E",85,"B","enl",21.31,16.4,-0.230408259033318,0.261895111280373,19.0141539385795,0.258228686685746
"548","C03E",85,"B","fhd",2.97,2.61,-0.121212121212121,0.129211731480006,2.79580042206163,0.12876455599593
"549","C03E",85,"B","porosity",0.71,0.76,0.0704225352112677,-0.0680534632450158,0.735425047166603,-0.0679878937937139
"550","C03E",85,"B","clumping_index",0.94,0.9,-0.0425531914893616,0.0434851119397387,0.920217365626187,0.0434679908184311
"551","C03E",85,"B","mean_height_mean",10.34,8.32,-0.195357833655706,0.217357614247166,9.38450851137128,0.215248352916122
"552","C03E",85,"B","moch",16.64,13.93,-0.162860576923077,0.177764647601348,15.3449421634622,0.176605422889946
"553","C03E",85,"B","max_ht",26.41,22.45,-0.149943203332071,0.162452112120778,24.5101060789218,0.161566008211018
"554","C03E",85,"B","p10",2.01,1.67,-0.169154228855721,0.185311095642321,1.84783657286027,0.183998955856639
"555","C03E",85,"B","p25",2.91,2.14,-0.264604810996564,0.307347252149641,2.55418284388569,0.30146627984886
"556","C03E",85,"B","p50",7.38,3.43,-0.535230352303523,0.766213377434532,5.75453299582164,0.686415388158881
"557","C03E",85,"B","p75",11.83,7.88,-0.333896872358411,0.406310774120508,10.0509526911632,0.392997571610585
"558","C03E",85,"B","p90",16.8,15.79,-0.0601190476190477,0.0620020581416626,16.302823375109,0.0619524592005371
"559","C03E",85,"B","cover_fraction",93.36,78.85,-0.155419880034276,0.168915674569253,86.4101038652309,0.167920177744844
"560","C03E",85,"B","vai_mean",6.65,5.24,-0.21203007518797,0.238295356334812,5.98665599479375,0.235523805147013
"561","C03W",85,"T","rugosity",20.98,16.89,-0.194947569113441,0.216847872148442,19.0451109211787,0.214753277989671
"562","C03W",85,"T","top_rugosity",7.86,7.22,-0.0814249363867685,0.0849316535363804,7.54678739597188,0.0848042970365911
"563","C03W",85,"T","enl",23.34,20.67,-0.11439588688946,0.121485253164733,22.0454587160258,0.121113379149559
"564","C03W",85,"T","fhd",3.07,2.71,-0.117263843648208,0.124728926707496,2.8956001105125,0.124326559697597
"565","C03W",85,"T","porosity",0.71,0.68,-0.0422535211267604,0.0431721718652086,0.695161851657583,0.0431554175886755
"566","C03W",85,"T","clumping_index",0.94,0.94,0,0,0.94,0
"567","C03W",85,"T","mean_height_mean",12.98,8.52,-0.343605546995378,0.42099337043472,10.9788615074606,0.406235199976723
"568","C03W",85,"T","moch",19.43,15.2,-0.217704580545548,0.245522835537118,17.443693702883,0.242494512461021
"569","C03W",85,"T","max_ht",28.26,24.71,-0.125619249823071,0.134239357255863,26.5444127831075,0.133738125194435
"570","C03W",85,"T","p10",2.1,1.95,-0.0714285714285715,0.074107972153722,2.02638841291594,0.0740233210197606
"571","C03W",85,"T","p25",4.46,2.75,-0.383408071748879,0.483547854353493,3.70500337381763,0.461538041256362
"572","C03W",85,"T","p50",7.58,4.14,-0.453825857519789,0.604817411817057,6.1072088551154,0.56326876673272
"573","C03W",85,"T","p75",12.98,8.1,-0.375963020030817,0.471545649597551,10.8187429953761,0.451069038435028
"574","C03W",85,"T","p90",22.97,12.15,-0.471049194601654,0.636859846914449,18.3744850267973,0.588860040660737
"575","C03W",85,"T","cover_fraction",89.31,89.48,0.00190348225282725,-0.0019016729261342,89.3950404105284,-0.00190167149339954
"576","C03W",85,"T","vai_mean",5.98,6.27,0.0484949832775918,-0.0473557866822888,6.1267160861264,-0.0473336769524358
"577","C04E",45,"T","rugosity",16.14,9.89,-0.38723667905824,0.489776517207182,13.384911280991,0.466943700170515
"578","C04E",45,"T","top_rugosity",5.49,5.61,0.0218579234972678,-0.0216224640131657,5.55032431484864,-0.0216203582336562
"579","C04E",45,"T","enl",16.49,17.76,0.0770163735597334,-0.0741946009925166,17.1367689486671,-0.0741096529809247
"580","C04E",45,"T","fhd",2.76,2.62,-0.0507246376811593,0.0520563619560531,2.69091062653519,0.0520269973366835
"581","C04E",45,"T","porosity",0.68,0.72,0.0588235294117646,-0.0571584138399485,0.700285656000464,-0.0571195477977539
"582","C04E",45,"T","clumping_index",0.88,0.94,0.0681818181818181,-0.0659579677917974,0.910494371207203,-0.0658982657086033
"583","C04E",45,"T","mean_height_mean",8.67,8.15,-0.0599769319492502,0.061850863539679,8.41401806511015,0.0618016262831962
"584","C04E",45,"T","moch",14.72,13.2,-0.103260869565217,0.108990283708405,13.9806723729583,0.108721523504121
"585","C04E",45,"T","max_ht",21.72,22.51,0.0363720073664826,-0.0357261598529063,22.1185273017893,-0.0357166636467742
"586","C04E",45,"T","p10",1.77,1.97,0.112994350282486,-0.107053996164159,1.87267188797184,-0.106799275027622
"587","C04E",45,"T","p25",2.39,2.8,0.171548117154812,-0.158326051237739,2.60308470857174,-0.157505439085368
"588","C04E",45,"T","p50",3.42,5.03,0.470760233918129,-0.385779433037134,4.30100569634591,-0.374331055029255
"589","C04E",45,"T","p75",7.43,9.54,0.283983849259758,-0.249967626730527,8.55033625069798,-0.24677392071309
"590","C04E",45,"T","p90",13,12.4,-0.0461538461538461,0.0472528848505455,12.7035428129321,0.0472309188732141
"591","C04E",45,"T","cover_fraction",94.45,79.77,-0.155426151402859,0.168923100024481,87.4186919371366,0.167927472657181
"592","C04E",45,"T","vai_mean",6.94,5.5,-0.207492795389049,0.232553682280288,6.26153335853128,0.229975617400172
"593","C04W",45,"B","rugosity",13.53,13.46,-0.00517368810051726,0.00518711796611491,13.4950453871041,0.00518708889018563
"594","C04W",45,"B","top_rugosity",5.79,4.85,-0.162348877374784,0.177153586635512,5.34072092511863,0.176006200881788
"595","C04W",45,"B","enl",17.11,18.89,0.104032729398013,-0.0989695936093161,18.0219893463513,-0.0987682306204657
"596","C04W",45,"B","fhd",2.79,2.83,0.014336917562724,-0.014235115821872,2.81007117347586,-0.0142345149039492
"597","C04W",45,"B","porosity",0.72,0.65,-0.0972222222222222,0.102278849120418,0.685893577750951,0.102056648831048
"598","C04W",45,"B","clumping_index",0.88,0.95,0.0795454545454545,-0.0765400771223344,0.915669154225477,-0.0764468254466973
"599","C04W",45,"B","mean_height_mean",9.29,11.46,0.233584499461787,-0.209924158460846,10.431579458548,-0.208022189604455
"600","C04W",45,"B","moch",14.43,16.69,0.156618156618157,-0.145500364887964,15.6009775334753,-0.144862717425923
"601","C04W",45,"B","max_ht",24.35,21.08,-0.13429158110883,0.144207125855437,22.7737667064542,0.143586260549217
"602","C04W",45,"B","p10",1.94,2.29,0.180412371134021,-0.165863844490912,2.12222760325089,-0.164921047800839
"603","C04W",45,"B","p25",2.65,3.7,0.39622641509434,-0.333773179652048,3.21811280100621,-0.326278183807509
"604","C04W",45,"B","p50",4.31,6.67,0.547563805104408,-0.436681955811876,5.6153806638553,-0.420274268348482
"605","C04W",45,"B","p75",7.64,12.8,0.675392670157068,-0.516047567747142,10.5406261673584,-0.489534484770858
"606","C04W",45,"B","p90",11,17.25,0.568181818181818,-0.449916870678998,14.4665562591793,-0.432030946966681
"607","C04W",45,"B","cover_fraction",96.78,89.71,-0.073052283529655,0.0758581157939804,93.3119834212091,0.0757673317057909
"608","C04W",45,"B","vai_mean",7.28,6.24,-0.142857142857143,0.154150679827258,6.77997050141076,0.153392997769474
"609","D01E",0,"B","rugosity",7.07,7.85,0.11032531824611,-0.104653051885836,7.47018741398099,-0.104415051025383
"610","D01E",0,"B","top_rugosity",3.43,3.08,-0.102040816326531,0.107630664192366,3.25970090652501,0.107371814174545
"611","D01E",0,"B","enl",14.56,15.57,0.0693681318681319,-0.067067943077367,15.0734617789014,-0.0670051786918462
"612","D01E",0,"B","fhd",2.7,2.69,-0.00370370370370379,0.00371057939653577,2.69500463821493,0.0037105687530927
"613","D01E",0,"B","porosity",0.68,0.64,-0.0588235294117648,0.0606246218164348,0.660302960768767,0.0605782532815383
"614","D01E",0,"B","clumping_index",0.92,0.92,0,0,0.92,0
"615","D01E",0,"B","mean_height_mean",9.32,10.44,0.120171673819742,-0.113481953756993,9.8958577192682,-0.113178668466428
"616","D01E",0,"B","moch",12.27,13.94,0.136104319478403,-0.127605146609558,13.1315745438238,-0.127174391344065
"617","D01E",0,"B","max_ht",17.88,18.58,0.0391498881431767,-0.0384029636403244,18.2333595368489,-0.0383911696901125
"618","D01E",0,"B","p10",2.54,2.72,0.0708661417322835,-0.0684677992774608,2.63153947338815,-0.0684010260230856
"619","D01E",0,"B","p25",3.84,4.78,0.244791666666667,-0.218968179903729,4.33555071473048,-0.216812133417389
"620","D01E",0,"B","p50",6.15,7.08,0.151219512195122,-0.140821825887202,6.63132339733179,-0.140243499566647
"621","D01E",0,"B","p75",9.53,10.01,0.0503672612801679,-0.0491398756610185,9.77294735481574,-0.0491151729947133
"622","D01E",0,"B","p90",12.5,12.84,0.0272,-0.0268366539535596,12.671140438019,-0.026832628180795
"623","D01E",0,"B","cover_fraction",88.32,89.7,0.0156250000000001,-0.0155041865359653,89.0126743784277,-0.0155034101563232
"624","D01E",0,"B","vai_mean",6.11,6.4,0.0474631751227496,-0.0463712171821222,6.25668042974867,-0.0463504574440362
"625","D01W",0,"T","rugosity",14.31,9.36,-0.345911949685535,0.424513303078859,12.0910235298754,0.409394621370902
"626","D01W",0,"T","top_rugosity",6.33,6.39,0.00947867298578193,-0.00943403223335853,6.36007075432341,-0.00943385731349186
"627","D01W",0,"T","enl",16.07,16.87,0.0497822028624767,-0.0485827168084558,16.4748566002864,-0.0485588445113443
"628","D01W",0,"T","fhd",2.72,2.72,0,0,2.72,0
"629","D01W",0,"T","porosity",0.72,0.66,-0.0833333333333333,0.0870113769896297,0.69065186599328,0.0868744485526138
"630","D01W",0,"T","clumping_index",0.9,0.93,0.0333333333333334,-0.032789822822991,0.915122942560179,-0.0327824804786022
"631","D01W",0,"T","mean_height_mean",8.43,10.17,0.206405693950178,-0.187645438046704,9.34060490546517,-0.18628343855781
"632","D01W",0,"T","moch",12.91,14.01,0.0852052672347018,-0.0817691554903645,13.4712323118563,-0.0816554844081986
"633","D01W",0,"T","max_ht",21.3,19.89,-0.0661971830985916,0.0684899798494986,20.6070631095263,0.0684231417405705
"634","D01W",0,"T","p10",1.84,2.49,0.353260869565217,-0.302517138855722,2.18925786512233,-0.296904266215199
"635","D01W",0,"T","p25",2.58,3.53,0.368217054263566,-0.313508472011679,3.09170664843869,-0.307273654335785
"636","D01W",0,"T","p50",4.64,8.42,0.814655172413793,-0.595895462016072,6.79801441598942,-0.556044716690975
"637","D01W",0,"T","p75",8.96,12.62,0.408482142857143,-0.342512630126228,10.9440851604874,-0.334427222223571
"638","D01W",0,"T","p90",14.61,16.84,0.152635181382615,-0.142050783051573,15.7644806447913,-0.141457244944939
"639","D01W",0,"T","cover_fraction",81.64,69.83,-0.144659480646742,0.1562556210837,75.9648553608838,0.15546662919181
"640","D01W",0,"T","vai_mean",6.02,4.89,-0.187707641196013,0.207894955833949,5.48418179859129,0.206047144587778
"641","D02E",85,"B","rugosity",11.51,12.38,0.0755864465682017,-0.0728660445226589,11.9529180537641,-0.0727855738729864
"642","D02E",85,"B","top_rugosity",5.43,4.74,-0.12707182320442,0.135901998238859,5.0966901024096,0.135381980488432
"643","D02E",85,"B","enl",16.91,18.21,0.0768775872264932,-0.0740657308290277,17.5720260641737,-0.073981224205584
"644","D02E",85,"B","fhd",2.82,2.82,0,0,2.82,0
"645","D02E",85,"B","porosity",0.68,0.65,-0.0441176470588236,0.0451204352804696,0.665169151419396,0.0451013098487556
"646","D02E",85,"B","clumping_index",0.92,0.93,0.0108695652173913,-0.0108109161042156,0.925013513414804,-0.0108106528769334
"647","D02E",85,"B","mean_height_mean",8.69,9.78,0.125431530494822,-0.118166544769425,9.25106750596924,-0.117824240207595
"648","D02E",85,"B","moch",12.85,15.6,0.214007782101167,-0.193927102914263,14.2912998009278,-0.192424764598491
"649","D02E",85,"B","max_ht",20.89,21.4,0.0244135950215413,-0.0241203464593313,21.1465375416402,-0.0241174234314125
"650","D02E",85,"B","p10",1.54,1.76,0.142857142857143,-0.133531392624523,1.65366260162102,-0.133038021047548
"651","D02E",85,"B","p25",2,2.73,0.365,-0.311154428636923,2.39300020894274,-0.305056387906679
"652","D02E",85,"B","p50",4.5,4.86,0.0800000000000001,-0.0769610411361284,4.68346025925277,-0.0768662442024089
"653","D02E",85,"B","p75",8.23,8.8,0.0692588092345079,-0.0669657067951824,8.51976818933473,-0.0669032287420145
"654","D02E",85,"B","p90",12.6,14.2,0.126984126984127,-0.119545150649783,13.4238593556399,-0.119190760094472
"655","D02E",85,"B","cover_fraction",93,81.76,-0.120860215053763,0.128811366697862,87.5605436255395,0.12836832133054
"656","D02E",85,"B","vai_mean",6.71,5.39,-0.19672131147541,0.219053566062685,6.08589352519414,0.216895020350835
"657","D02W",85,"T","rugosity",12.35,12.8,0.0364372469635628,-0.0357891078515854,12.5770127613834,-0.0357795613741991
"658","D02W",85,"T","top_rugosity",5.48,6.27,0.144160583941606,-0.134671253684905,5.88826375088616,-0.134165185769932
"659","D02W",85,"T","enl",17.77,19.02,0.0703432751828925,-0.0679794149506843,18.4056146324973,-0.06791405910417
"660","D02W",85,"T","fhd",2.84,2.49,-0.123239436619718,0.131521341696498,2.67073959793912,0.131049841126435
"661","D02W",85,"T","porosity",0.67,0.67,0,0,0.67,0
"662","D02W",85,"T","clumping_index",0.95,0.96,0.0105263157894737,-0.0104712998672954,0.955013088915539,-0.010471060675572
"663","D02W",85,"T","mean_height_mean",8.91,7.71,-0.134680134680135,0.14465605390748,8.33163249309522,0.144029396519169
"664","D02W",85,"T","moch",13.81,13.9,0.00651701665459811,-0.00649587271544533,13.8550730781184,-0.00649581561154946
"665","D02W",85,"T","max_ht",20.19,20.89,0.0346706290242694,-0.0340831432437283,20.5429817699379,-0.0340748975898116
"666","D02W",85,"T","p10",1.67,1.73,0.0359281437125749,-0.0352977820810238,1.70026468527697,-0.0352886233064507
"667","D02W",85,"T","p25",2.31,2.34,0.0129870129870129,-0.0129034048359078,2.32504838659328,-0.0129029572773565
"668","D02W",85,"T","p50",4.26,3.9,-0.0845070422535211,0.0882926071456782,4.08396865805799,0.0881495501415496
"669","D02W",85,"T","p75",8.39,8.23,-0.0190703218116806,0.0192545057901363,8.31038506929733,0.019253018803078
"670","D02W",85,"T","p90",12.65,14.77,0.167588932806324,-0.154940881369759,13.750916333103,-0.154171543818971
"671","D02W",85,"T","cover_fraction",96.98,70.03,-0.277892348937925,0.32558105000978,84.5852271380765,0.318613555958264
"672","D02W",85,"T","vai_mean",7.05,3.94,-0.44113475177305,0.581846893514335,5.71078365900863,0.54458375342131
"673","D03E",45,"B","rugosity",11.21,12.84,0.145405887600357,-0.135759061177746,12.0525868592597,-0.135240676465045
"674","D03E",45,"B","top_rugosity",5.65,5.8,0.0265486725663716,-0.026202372394024,5.72549124529939,-0.0261986253359743
"675","D03E",45,"B","enl",17.85,17.77,-0.00448179271708694,0.00449186605908823,17.8100449185284,0.00449184717758769
"676","D03E",45,"B","fhd",2.81,2.57,-0.0854092526690392,0.0892785844385261,2.69267524963557,0.0891306889059428
"677","D03E",45,"B","porosity",0.73,0.69,-0.0547945205479453,0.0563529365511318,0.71028163428319,0.0563156895368239
"678","D03E",45,"B","clumping_index",0.95,0.92,-0.031578947368421,0.0320883145515004,0.935120313114842,0.0320814333506149
"679","D03E",45,"B","mean_height_mean",10.19,9.89,-0.029440628066732,0.0298827016000125,10.0411204554074,0.0298771438239686
"680","D03E",45,"B","moch",13.27,14.67,0.105501130369254,-0.100298743810774,13.9875265862124,-0.100089175264195
"681","D03E",45,"B","max_ht",21.33,21.62,0.0135958743553682,-0.0135042797278032,21.4754895171216,-0.0135037666903377
"682","D03E",45,"B","p10",3,2.27,-0.243333333333333,0.278832457174798,2.66015976963791,0.274419607548371
"683","D03E",45,"B","p25",4.08,3.65,-0.105392156862745,0.11136982082167,3.87097532929364,0.111083115602926
"684","D03E",45,"B","p50",6.87,6.19,-0.098981077147016,0.104229019537753,6.53884546384146,0.103993893686625
"685","D03E",45,"B","p75",10.12,12.38,0.223320158102767,-0.201568603397131,11.3066086869583,-0.199883100456711
"686","D03E",45,"B","p90",14.58,17.7,0.213991769547325,-0.193913912999271,16.2152150772045,-0.192411878914028
"687","D03E",45,"B","cover_fraction",79.94,81.94,0.0250187640730548,-0.0247109188355476,80.9461771796544,-0.0247077758293778
"688","D03E",45,"B","vai_mean",5.91,5.39,-0.0879864636209815,0.0921004464971012,5.65597913716096,0.0919381043298927
"689","D03W",45,"T","rugosity",10.72,9.18,-0.143656716417911,0.155083951010257,9.97974949585409,0.154312490573011
"690","D03W",45,"T","top_rugosity",5.29,5.47,0.0340264650283553,-0.0334603705636817,5.38075273544511,-0.0334525685996069
"691","D03W",45,"T","enl",16.26,16.92,0.040590405904059,-0.0397882500584127,16.593281773055,-0.0397751336370205
"692","D03W",45,"T","fhd",2.7,2.72,0.00740740740740741,-0.00738010729762253,2.7100184501217,-0.00738002355633479
"693","D03W",45,"T","porosity",0.69,0.69,0,0,0.69,0
"694","D03W",45,"T","clumping_index",0.93,0.95,0.0215053763440859,-0.0212773984472849,0.940053189984482,-0.0212753918747194
"695","D03W",45,"T","mean_height_mean",9.33,8.75,-0.0621650589496249,0.0641813144897294,9.04465035255648,0.0641263042120874
"696","D03W",45,"T","moch",12.89,13.28,0.0302560124127229,-0.0298073270971917,13.086452918954,-0.0298018112635499
"697","D03W",45,"T","max_ht",19.69,19.51,-0.00914169629253427,0.0091837380160143,19.6002066315639,0.00918357665220379
"698","D03W",45,"T","p10",2.08,1.83,-0.120192307692308,0.128051926859897,1.95899208778392,0.127616646110505
"699","D03W",45,"T","p25",2.72,2.61,-0.0404411764705883,0.041281658973304,2.66556748179445,0.041267010027429
"700","D03W",45,"T","p50",4.77,5.58,0.169811320754717,-0.15684247149297,5.1908236340681,-0.156044600452972
"701","D03W",45,"T","p75",9.21,8.64,-0.0618892508143323,0.0638872674512513,8.92954926074099,0.0638330091873753
"702","D03W",45,"T","p90",13.66,12.47,-0.0871156661786237,0.0911460944506988,13.0785415853603,0.0909887384792233
"703","D03W",45,"T","cover_fraction",94.34,83.75,-0.112253550985796,0.11906910715094,89.2022928516975,0.118718921469948
"704","D03W",45,"T","vai_mean",6.72,5.73,-0.147321428571428,0.15937262380841,6.24464970995171,0.158535713928405
"705","D04E",65,"T","rugosity",4.85,4.4,-0.092783505154639,0.0973741640251762,4.63046973859024,0.0971823649444695
"706","D04E",65,"T","top_rugosity",3.77,5.28,0.40053050397878,-0.336851096258251,4.58755381439826,-0.329151452188047
"707","D04E",65,"T","enl",12.85,13.34,0.0381322957198444,-0.0374232291462489,13.0972917047762,-0.037412314778124
"708","D04E",65,"T","fhd",2.47,2.07,-0.161943319838057,0.176669543362608,2.27879354045074,0.175531478784551
"709","D04E",65,"T","porosity",0.66,0.66,0,0,0.66,0
"710","D04E",65,"T","clumping_index",0.89,0.99,0.112359550561798,-0.10648348040245,0.941328847959097,-0.106232800807933
"711","D04E",65,"T","mean_height_mean",7.2,5.72,-0.205555555555556,0.230112220630303,6.50224576588735,0.227613666614157
"712","D04E",65,"T","moch",10.31,9.15,-0.112512124151309,0.119360418741439,9.74727141306735,0.119007663872464
"713","D04E",65,"T","max_ht",16.12,15.66,-0.0285359801488834,0.0289510465158253,15.8916644817338,0.0289459924433173
"714","D04E",65,"T","p10",2.03,1.93,-0.0492610837438423,0.0505157901369017,1.98063121251787,0.0504889549190106
"715","D04E",65,"T","p25",2.97,2.64,-0.111111111111111,0.117783035656383,2.80984875037786,0.117444043902941
"716","D04E",65,"T","p50",5.09,4.31,-0.153241650294696,0.166339926446775,4.71615309335904,0.165389033086806
"717","D04E",65,"T","p75",7.97,7.59,-0.0476787954830615,0.0488529013945852,7.78231970558907,0.0488286287862336
"718","D04E",65,"T","p90",10.22,10.85,0.0616438356164383,-0.0598184952109101,10.5397082502316,-0.0597739505726978
"719","D04E",65,"T","cover_fraction",75.98,61.26,-0.193735193471966,0.21534304635485,69.0135783741142,0.213291360146618
"720","D04E",65,"T","vai_mean",5.05,3.72,-0.263366336633663,0.305664575002213,4.43513810382495,0.299877922370214
"721","D04W",65,"B","rugosity",3.9,3.46,-0.112820512820513,0.119707964065968,3.6865702217644,0.119352127731725
"722","D04W",65,"B","top_rugosity",4.06,4.57,0.125615763546798,-0.118330231292472,4.32252819539676,-0.117986506263423
"723","D04W",65,"B","enl",10.96,10.42,-0.0492700729927008,0.0505252451946487,10.6934091851009,0.0504983949134185
"724","D04W",65,"B","fhd",2.15,2.11,-0.0186046511627907,0.0187798946515963,2.13009389464408,0.0187785149286499
"725","D04W",65,"B","porosity",0.7,0.76,0.0857142857142858,-0.0822380982369721,0.730616178304313,-0.0821224629041941
"726","D04W",65,"B","clumping_index",0.88,0.86,-0.0227272727272727,0.0229895182246988,0.870057469366248,0.0229869873016182
"727","D04W",65,"B","mean_height_mean",5.49,4.65,-0.153005464480874,0.166061035922174,5.08736670587053,0.165114891173598
"728","D04W",65,"B","moch",7.95,6.78,-0.147169811320755,0.159194826713936,7.38819666765849,0.158360700537605
"729","D04W",65,"B","max_ht",15.12,16.15,0.0681216931216931,-0.0659016789172785,15.6434794722913,-0.0658421294204015
"730","D04W",65,"B","p10",1.9,2.1,0.105263157894737,-0.100083458556983,2.00249843945008,-0.0998752338877845
"731","D04W",65,"B","p25",2.55,2.78,0.0901960784313725,-0.086357568532211,2.66748008427429,-0.0862236990468752
"732","D04W",65,"B","p50",3.63,3.98,0.0964187327823692,-0.0920491710195869,3.80902218423574,-0.0918870993843334
"733","D04W",65,"B","p75",5.79,6.84,0.181347150259067,-0.166655440049555,6.33678546267743,-0.165699155539401
"734","D04W",65,"B","p90",9.38,9.06,-0.0341151385927506,0.0347106429632453,9.22138818183033,0.0347019335581733
"735","D04W",65,"B","cover_fraction",68.73,48.99,-0.287210824967263,0.338569589483031,59.6817937062887,0.330754134119129
"736","D04W",65,"B","vai_mean",4.44,3.12,-0.297297297297297,0.352821374622742,3.83718646927668,0.344002046960419
